"學年度","學校代碼","學校名稱","日間∕進修別","等級別","總計","男生計","女生計","一年級男","一年級女","二年級男","二年級女","三年級男","三年級女","四年級男","四年級女","五年級男","五年級女","六年級男","六年級女","七年級男","七年級女","延修生男","延修生女","縣市名稱","體系別"
112,0001,國立政治大學,D 日,D 博士,921,517,404,86,69,78,60,82,69,74,67,63,52,68,37,66,50,0,0,30 臺北市,1 一般
112,0001,國立政治大學,D 日,M 碩士,4231,1835,2396,598,809,631,791,354,460,249,335,2,1,1,0,0,0,0,0,30 臺北市,1 一般
112,0001,國立政治大學,N 職,M 碩士,1903,938,965,262,304,289,287,204,225,106,92,77,57,0,0,0,0,0,0,30 臺北市,1 一般
112,0001,國立政治大學,D 日,B 學士,9763,3928,5835,906,1349,871,1379,907,1341,928,1267,0,0,0,0,0,0,316,499,30 臺北市,1 一般
112,0002,國立清華大學,D 日,D 博士,1636,1131,505,206,93,202,83,204,93,154,70,140,60,110,50,115,56,0,0,18 新竹市,1 一般
112,0002,國立清華大學,D 日,M 碩士,5867,3526,2341,1336,886,1357,796,581,402,246,239,4,15,2,3,0,0,0,0,18 新竹市,1 一般
112,0002,國立清華大學,N 職,M 碩士,1413,509,904,198,278,176,274,63,132,35,91,25,84,4,17,8,28,0,0,18 新竹市,1 一般
112,0002,國立清華大學,D 日,B 學士,9274,5038,4236,1217,1019,1216,1030,1224,975,1085,991,0,0,0,0,0,0,296,221,18 新竹市,1 一般
112,0002,國立清華大學,D 日,X 4+X,1,1,0,0,0,1,0,0,0,0,0,0,0,0,0,0,0,0,0,18 新竹市,1 一般
112,0003,國立臺灣大學,D 日,D 博士,3654,2454,1200,431,215,402,206,432,223,389,190,309,128,179,106,312,132,0,0,30 臺北市,1 一般
112,0003,國立臺灣大學,D 日,M 碩士,11328,6742,4586,2598,1747,2505,1687,1075,707,564,445,0,0,0,0,0,0,0,0,30 臺北市,1 一般
112,0003,國立臺灣大學,N 職,M 碩士,1577,948,629,309,229,300,219,160,82,70,38,45,32,64,29,0,0,0,0,30 臺北市,1 一般
112,0003,國立臺灣大學,D 日,B 學士,17323,9652,7671,2191,1706,2199,1783,2138,1663,1976,1649,175,144,172,93,0,0,801,633,30 臺北市,1 一般
112,0004,國立臺灣師範大學,D 日,D 博士,1337,630,707,106,127,109,111,110,106,74,106,85,83,59,85,87,89,0,0,30 臺北市,3 師範
112,0004,國立臺灣師範大學,D 日,M 碩士,4384,1878,2506,628,826,629,763,364,572,257,345,0,0,0,0,0,0,0,0,30 臺北市,3 師範
112,0004,國立臺灣師範大學,N 職,M 碩士,2272,680,1592,222,518,219,460,87,263,75,186,48,102,29,63,0,0,0,0,30 臺北市,3 師範
112,0004,國立臺灣師範大學,D 日,B 學士,8503,3846,4657,938,1110,900,1084,895,1073,809,1052,0,0,0,0,0,0,304,338,30 臺北市,3 師範
112,0005,國立成功大學,D 日,D 博士,1888,1228,660,219,136,199,102,221,123,196,110,176,84,107,57,110,48,0,0,21 臺南市,1 一般
112,0005,國立成功大學,D 日,M 碩士,7453,4739,2714,2009,1149,1931,1053,605,377,188,130,6,3,0,1,0,1,0,0,21 臺南市,1 一般
112,0005,國立成功大學,N 職,M 碩士,1582,932,650,279,240,274,212,209,122,106,44,63,32,0,0,1,0,0,0,21 臺南市,1 一般
112,0005,國立成功大學,D 日,B 學士,12159,7451,4708,1703,1165,1779,1105,1766,1064,1588,1029,112,84,62,34,0,0,441,227,21 臺南市,1 一般
112,0006,國立中興大學,D 日,D 博士,1000,652,348,96,59,101,56,108,65,99,40,84,43,70,33,94,52,0,0,19 臺中市,1 一般
112,0006,國立中興大學,D 日,M 碩士,3797,2242,1555,929,660,926,610,277,194,108,85,2,6,0,0,0,0,0,0,19 臺中市,1 一般
112,0006,國立中興大學,N 職,M 碩士,1794,1143,651,401,244,343,229,203,78,103,57,93,43,0,0,0,0,0,0,19 臺中市,1 一般
112,0006,國立中興大學,D 日,B 學士,8178,4621,3557,1108,835,1080,869,1132,872,1095,815,25,53,0,0,0,0,181,113,19 臺中市,1 一般
112,0006,國立中興大學,P 進,B 學士,828,369,459,79,102,78,119,80,106,77,93,42,34,0,0,0,0,13,5,19 臺中市,1 一般
112,0007,國立陽明交通大學,D 日,D 博士,2604,1772,832,331,148,284,156,295,137,236,129,221,114,173,62,232,86,0,0,18 新竹市,1 一般
112,0007,國立陽明交通大學,D 日,M 碩士,8275,5150,3125,1816,1200,1749,1111,1216,591,365,216,4,7,0,0,0,0,0,0,18 新竹市,1 一般
112,0007,國立陽明交通大學,N 職,M 碩士,1937,1210,727,386,262,347,244,226,99,145,73,106,49,0,0,0,0,0,0,18 新竹市,1 一般
112,0007,國立陽明交通大學,D 日,B 學士,8612,5528,3084,1330,666,1200,708,1250,681,1221,687,142,131,153,91,7,2,225,118,18 新竹市,1 一般
112,0008,國立中央大學,D 日,D 博士,937,637,300,117,55,107,58,105,50,104,39,68,32,64,28,72,38,0,0,03 桃園市,1 一般
112,0008,國立中央大學,D 日,M 碩士,3770,2490,1280,1048,546,975,498,363,158,101,74,3,4,0,0,0,0,0,0,03 桃園市,1 一般
112,0008,國立中央大學,N 職,M 碩士,1516,919,597,326,249,315,220,150,73,73,32,51,21,4,2,0,0,0,0,03 桃園市,1 一般
112,0008,國立中央大學,D 日,B 學士,6274,3852,2422,938,609,957,564,956,565,867,589,0,0,0,0,0,0,134,95,03 桃園市,1 一般
112,0009,國立中山大學,D 日,D 博士,839,520,319,105,73,93,56,100,58,75,47,60,35,46,33,41,17,0,0,50 高雄市,1 一般
112,0009,國立中山大學,D 日,M 碩士,3415,2085,1330,838,531,781,506,343,215,123,77,0,1,0,0,0,0,0,0,50 高雄市,1 一般
112,0009,國立中山大學,N 職,M 碩士,1052,510,542,202,179,175,185,52,92,35,39,34,30,12,17,0,0,0,0,50 高雄市,1 一般
112,0009,國立中山大學,D 日,B 學士,5040,3051,1989,741,480,727,488,718,467,687,436,0,0,0,0,0,0,178,118,50 高雄市,1 一般
112,0012,國立臺灣海洋大學,D 日,D 博士,327,229,98,43,22,28,13,31,17,32,14,37,13,20,8,38,11,0,0,17 基隆市,1 一般
112,0012,國立臺灣海洋大學,D 日,M 碩士,1591,1044,547,464,251,390,179,105,56,55,36,20,17,10,6,0,2,0,0,17 基隆市,1 一般
112,0012,國立臺灣海洋大學,N 職,M 碩士,634,363,271,114,92,125,97,66,35,29,22,20,15,6,6,3,4,0,0,17 基隆市,1 一般
112,0012,國立臺灣海洋大學,D 日,B 學士,6111,4176,1935,1016,464,1005,461,981,491,965,459,0,0,0,0,0,0,209,60,17 基隆市,1 一般
112,0012,國立臺灣海洋大學,P 進,B 學士,551,380,171,122,40,138,52,44,23,51,45,0,0,0,0,0,0,25,11,17 基隆市,1 一般
112,0013,國立中正大學,D 日,D 博士,537,332,205,58,34,56,37,50,33,41,27,51,35,35,16,41,23,0,0,10 嘉義縣,1 一般
112,0013,國立中正大學,D 日,M 碩士,2882,1672,1210,704,456,625,450,225,192,115,108,3,4,0,0,0,0,0,0,10 嘉義縣,1 一般
112,0013,國立中正大學,N 職,M 碩士,1468,600,868,192,304,186,275,100,132,77,99,45,58,0,0,0,0,0,0,10 嘉義縣,1 一般
112,0013,國立中正大學,D 日,B 學士,6653,3555,3098,839,754,884,786,882,754,802,713,0,0,0,0,0,0,148,91,10 嘉義縣,1 一般
112,0014,國立高雄師範大學,D 日,D 博士,422,204,218,37,41,27,40,31,31,25,28,22,27,25,20,37,31,0,0,50 高雄市,3 師範
112,0014,國立高雄師範大學,D 日,M 碩士,1566,567,999,193,313,146,278,116,192,77,143,21,46,8,17,6,10,0,0,50 高雄市,3 師範
112,0014,國立高雄師範大學,N 職,M 碩士,1420,496,924,171,331,141,234,89,175,49,76,19,61,27,47,0,0,0,0,50 高雄市,3 師範
112,0014,國立高雄師範大學,D 日,B 學士,3988,1945,2043,453,498,482,468,463,470,436,506,0,0,0,0,0,0,111,101,50 高雄市,3 師範
112,0015,國立彰化師範大學,D 日,D 博士,475,273,202,47,33,43,30,36,35,49,25,31,26,33,25,34,28,0,0,07 彰化縣,3 師範
112,0015,國立彰化師範大學,D 日,M 碩士,1721,882,839,349,295,287,266,150,147,94,119,1,2,1,10,0,0,0,0,07 彰化縣,3 師範
112,0015,國立彰化師範大學,N 職,M 碩士,1371,540,831,208,262,185,231,51,107,38,83,27,69,31,79,0,0,0,0,07 彰化縣,3 師範
112,0015,國立彰化師範大學,D 日,B 學士,5044,2698,2346,639,606,669,563,622,576,636,534,0,0,0,0,0,0,132,67,07 彰化縣,3 師範
112,0017,國立臺北大學,D 日,D 博士,195,135,60,19,13,19,8,21,6,27,17,27,7,9,4,13,5,0,0,01 新北市,1 一般
112,0017,國立臺北大學,D 日,M 碩士,1505,753,752,268,275,263,270,124,128,95,76,3,3,0,0,0,0,0,0,01 新北市,1 一般
112,0017,國立臺北大學,N 職,M 碩士,631,283,348,115,122,103,122,31,61,25,25,9,18,0,0,0,0,0,0,01 新北市,1 一般
112,0017,國立臺北大學,D 日,B 學士,6000,2732,3268,649,844,652,756,680,767,646,763,0,0,0,0,0,0,105,138,01 新北市,1 一般
112,0017,國立臺北大學,P 進,B 學士,1874,811,1063,224,241,192,247,174,267,164,243,0,0,0,0,0,0,57,65,01 新北市,1 一般
112,0018,國立嘉義大學,D 日,D 博士,184,108,76,21,14,17,15,18,11,13,13,17,9,10,3,12,11,0,0,20 嘉義市,1 一般
112,0018,國立嘉義大學,D 日,M 碩士,1259,576,683,215,246,161,212,121,128,79,97,0,0,0,0,0,0,0,0,20 嘉義市,1 一般
112,0018,國立嘉義大學,N 職,M 碩士,921,367,554,144,182,98,145,54,111,71,116,0,0,0,0,0,0,0,0,20 嘉義市,1 一般
112,0018,國立嘉義大學,D 日,B 學士,7527,3869,3658,959,962,943,852,903,921,934,843,22,21,0,0,0,0,108,59,20 嘉義市,1 一般
112,0018,國立嘉義大學,P 進,B 學士,1691,1056,635,260,139,239,153,240,155,235,151,0,0,0,0,0,0,82,37,20 嘉義市,1 一般
112,0019,國立高雄大學,D 日,D 博士,31,26,5,5,3,4,0,4,0,4,2,6,0,2,0,1,0,0,0,50 高雄市,1 一般
112,0019,國立高雄大學,D 日,M 碩士,726,477,249,186,93,157,96,87,35,47,25,0,0,0,0,0,0,0,0,50 高雄市,1 一般
112,0019,國立高雄大學,N 職,M 碩士,548,335,213,98,78,97,50,65,47,31,18,26,10,18,10,0,0,0,0,50 高雄市,1 一般
112,0019,國立高雄大學,D 日,B 學士,4718,2743,1975,687,494,637,462,642,462,622,474,16,15,0,0,0,0,139,68,50 高雄市,1 一般
112,0019,國立高雄大學,N 修,C 二技,122,56,66,0,0,0,0,28,25,14,18,0,0,0,0,0,0,14,23,50 高雄市,2 技職
112,0020,國立東華大學,D 日,D 博士,412,233,179,45,27,34,37,40,35,32,25,31,17,16,17,35,21,0,0,15 花蓮縣,1 一般
112,0020,國立東華大學,D 日,M 碩士,1451,688,763,254,231,200,241,131,145,79,106,8,21,16,19,0,0,0,0,15 花蓮縣,1 一般
112,0020,國立東華大學,N 職,M 碩士,512,186,326,51,86,50,97,33,58,30,41,10,24,12,20,0,0,0,0,15 花蓮縣,1 一般
112,0020,國立東華大學,D 日,B 學士,7975,3825,4150,950,986,870,958,892,992,831,970,0,0,0,0,0,0,282,244,15 花蓮縣,1 一般
112,0021,國立暨南國際大學,D 日,D 博士,346,179,167,30,18,30,38,33,27,23,22,16,24,21,18,26,20,0,0,08 南投縣,1 一般
112,0021,國立暨南國際大學,D 日,M 碩士,882,392,490,151,148,130,157,56,91,45,71,5,13,5,10,0,0,0,0,08 南投縣,1 一般
112,0021,國立暨南國際大學,N 職,M 碩士,526,180,346,65,116,60,105,21,56,16,39,11,12,7,18,0,0,0,0,08 南投縣,1 一般
112,0021,國立暨南國際大學,D 日,B 學士,4802,2337,2465,577,638,582,584,577,616,503,551,0,0,0,0,0,0,98,76,08 南投縣,1 一般
112,0022,國立臺灣科技大學,D 日,D 博士,1084,782,302,188,78,177,66,147,61,99,42,75,23,47,14,49,18,0,0,30 臺北市,2 技職
112,0022,國立臺灣科技大學,D 日,M 碩士,4134,2815,1319,1246,612,1223,529,264,137,82,41,0,0,0,0,0,0,0,0,30 臺北市,2 技職
112,0022,國立臺灣科技大學,N 職,M 碩士,861,538,323,217,134,211,128,60,40,47,20,2,1,1,0,0,0,0,0,30 臺北市,2 技職
112,0022,國立臺灣科技大學,D 日,B 四技,5545,3891,1654,941,416,968,388,918,402,921,394,0,0,0,0,0,0,143,54,30 臺北市,2 技職
112,0022,國立臺灣科技大學,D 日,C 二技,48,4,44,0,0,0,0,1,20,1,17,0,0,0,0,0,0,2,7,30 臺北市,2 技職
112,0023,國立雲林科技大學,D 日,D 博士,425,264,161,49,33,48,27,47,24,48,30,26,15,24,14,22,18,0,0,09 雲林縣,2 技職
112,0023,國立雲林科技大學,D 日,M 碩士,2144,1362,782,601,315,522,305,188,121,51,41,0,0,0,0,0,0,0,0,09 雲林縣,2 技職
112,0023,國立雲林科技大學,N 職,M 碩士,800,461,339,155,132,167,139,74,34,42,21,23,13,0,0,0,0,0,0,09 雲林縣,2 技職
112,0023,國立雲林科技大學,D 日,B 四技,6531,4042,2489,1057,653,937,611,960,566,943,568,0,0,0,0,0,0,145,91,09 雲林縣,2 技職
112,0023,國立雲林科技大學,N 修,B 四技,248,119,129,35,24,24,33,37,34,21,33,0,0,0,0,0,0,2,5,09 雲林縣,2 技職
112,0023,國立雲林科技大學,D 日,C 二技,190,84,106,0,0,0,0,37,48,39,51,0,0,0,0,0,0,8,7,09 雲林縣,2 技職
112,0024,國立屏東科技大學,D 日,D 博士,245,161,84,33,13,26,13,27,22,22,11,16,12,15,4,22,9,0,0,13 屏東縣,2 技職
112,0024,國立屏東科技大學,D 日,M 碩士,1130,645,485,272,205,238,178,89,73,38,25,5,2,3,2,0,0,0,0,13 屏東縣,2 技職
112,0024,國立屏東科技大學,N 職,M 碩士,243,148,95,64,35,55,43,15,9,7,3,7,4,0,1,0,0,0,0,13 屏東縣,2 技職
112,0024,國立屏東科技大學,D 日,B 四技,7562,4184,3378,1024,805,989,792,978,797,928,824,22,46,0,0,0,0,243,114,13 屏東縣,2 技職
112,0024,國立屏東科技大學,N 修,B 四技,1214,823,391,199,76,163,73,203,110,198,103,0,0,0,0,0,0,60,29,13 屏東縣,2 技職
112,0025,國立臺北科技大學,D 日,D 博士,754,558,196,87,29,100,42,100,38,72,30,60,18,56,13,83,26,0,0,30 臺北市,2 技職
112,0025,國立臺北科技大學,D 日,M 碩士,3558,2535,1023,1060,402,1081,447,287,118,107,56,0,0,0,0,0,0,0,0,30 臺北市,2 技職
112,0025,國立臺北科技大學,N 職,M 碩士,1604,1110,494,339,172,397,183,182,75,122,38,34,15,34,11,2,0,0,0,30 臺北市,2 技職
112,0025,國立臺北科技大學,D 日,B 四技,6371,4444,1927,1079,499,1035,485,1077,438,1072,416,0,0,0,0,0,0,181,89,30 臺北市,2 技職
112,0025,國立臺北科技大學,N 修,B 四技,1197,984,213,161,38,191,31,241,60,337,70,0,0,0,0,0,0,54,14,30 臺北市,2 技職
112,0025,國立臺北科技大學,D 日,C 二技,22,13,9,0,0,0,0,4,2,4,5,0,0,0,0,0,0,5,2,30 臺北市,2 技職
112,0025,國立臺北科技大學,D 日,5 五專,153,126,27,26,6,28,6,22,3,26,4,21,7,0,0,0,0,3,1,30 臺北市,2 技職
112,0028,國立臺北藝術大學,D 日,D 博士,118,46,72,7,16,8,5,9,8,7,8,10,17,3,11,2,7,0,0,30 臺北市,1 一般
112,0028,國立臺北藝術大學,D 日,M 碩士,1022,378,644,107,168,105,188,89,162,77,126,0,0,0,0,0,0,0,0,30 臺北市,1 一般
112,0028,國立臺北藝術大學,N 職,M 碩士,193,64,129,17,40,19,31,12,25,8,18,8,15,0,0,0,0,0,0,30 臺北市,1 一般
112,0028,國立臺北藝術大學,D 日,B 學士,1797,661,1136,152,258,143,249,135,255,137,242,0,0,0,0,0,0,94,132,30 臺北市,1 一般
112,0028,國立臺北藝術大學,D 日,5 七年,83,39,44,14,15,12,14,13,15,0,0,0,0,0,0,0,0,0,0,30 臺北市,1 一般
112,0029,國立臺灣藝術大學,D 日,D 博士,158,82,76,15,12,22,12,18,13,7,13,8,13,7,9,5,4,0,0,01 新北市,1 一般
112,0029,國立臺灣藝術大學,D 日,M 碩士,792,281,511,82,161,75,135,67,137,57,78,0,0,0,0,0,0,0,0,01 新北市,1 一般
112,0029,國立臺灣藝術大學,N 職,M 碩士,391,159,232,41,58,38,52,26,64,27,32,17,18,10,8,0,0,0,0,01 新北市,1 一般
112,0029,國立臺灣藝術大學,D 日,B 學士,2407,681,1726,162,423,150,422,156,365,146,367,0,0,0,0,0,0,67,149,01 新北市,1 一般
112,0029,國立臺灣藝術大學,P 進,B 學士,1515,477,1038,102,245,111,227,102,256,103,221,0,0,0,0,0,0,59,89,01 新北市,1 一般
112,0029,國立臺灣藝術大學,N 修,C 二技,329,77,252,0,0,0,0,28,113,35,106,0,0,0,0,0,0,14,33,01 新北市,2 技職
112,0030,國立臺東大學,D 日,D 博士,50,23,27,9,2,2,7,2,5,5,3,2,1,0,7,3,2,0,0,14 臺東縣,1 一般
112,0030,國立臺東大學,D 日,M 碩士,371,138,233,54,82,38,58,30,58,12,27,4,8,0,0,0,0,0,0,14 臺東縣,1 一般
112,0030,國立臺東大學,N 職,M 碩士,664,182,482,74,153,35,152,32,73,21,46,13,34,4,13,3,11,0,0,14 臺東縣,1 一般
112,0030,國立臺東大學,D 日,B 學士,3674,1857,1817,503,464,411,383,424,449,426,434,0,0,0,0,0,0,93,87,14 臺東縣,1 一般
112,0030,國立臺東大學,P 進,B 學士,246,103,143,24,54,19,27,31,24,18,31,0,0,0,0,0,0,11,7,14 臺東縣,1 一般
112,0030,國立臺東大學,N 修,C 二技,116,39,77,0,0,0,0,16,38,18,36,0,0,0,0,0,0,5,3,14 臺東縣,2 技職
112,0031,國立宜蘭大學,D 日,D 博士,16,10,6,1,2,1,1,4,1,0,0,3,1,1,1,0,0,0,0,02 宜蘭縣,1 一般
112,0031,國立宜蘭大學,D 日,M 碩士,546,358,188,144,86,131,66,61,24,21,10,1,1,0,1,0,0,0,0,02 宜蘭縣,1 一般
112,0031,國立宜蘭大學,N 職,M 碩士,171,116,55,37,18,43,25,18,6,7,1,7,1,4,4,0,0,0,0,02 宜蘭縣,1 一般
112,0031,國立宜蘭大學,D 日,B 學士,4478,2866,1612,724,385,678,406,732,410,612,370,0,0,0,0,0,0,120,41,02 宜蘭縣,1 一般
112,0031,國立宜蘭大學,P 進,B 學士,381,252,129,56,36,66,24,66,25,49,35,0,0,0,0,0,0,15,9,02 宜蘭縣,1 一般
112,0032,國立聯合大學,D 日,D 博士,21,17,4,4,1,1,2,4,0,2,1,4,0,1,0,1,0,0,0,05 苗栗縣,1 一般
112,0032,國立聯合大學,D 日,M 碩士,442,308,134,144,70,106,33,42,17,14,14,1,0,1,0,0,0,0,0,05 苗栗縣,1 一般
112,0032,國立聯合大學,N 職,M 碩士,49,31,18,21,8,9,10,0,0,0,0,1,0,0,0,0,0,0,0,05 苗栗縣,1 一般
112,0032,國立聯合大學,D 日,B 學士,6179,4324,1855,1082,457,1050,438,1022,462,960,469,18,10,0,0,0,0,192,19,05 苗栗縣,1 一般
112,0032,國立聯合大學,P 進,B 學士,1020,758,262,225,57,189,62,149,65,125,58,0,0,0,0,0,0,70,20,05 苗栗縣,1 一般
112,0033,國立虎尾科技大學,D 日,D 博士,53,44,9,9,2,6,4,6,2,11,1,5,0,3,0,4,0,0,0,09 雲林縣,2 技職
112,0033,國立虎尾科技大學,D 日,M 碩士,1041,856,185,411,82,338,84,86,15,21,4,0,0,0,0,0,0,0,0,09 雲林縣,2 技職
112,0033,國立虎尾科技大學,N 職,M 碩士,197,133,64,48,36,39,22,26,3,16,2,4,1,0,0,0,0,0,0,09 雲林縣,2 技職
112,0033,國立虎尾科技大學,D 日,B 四技,7502,5734,1768,1451,473,1452,401,1364,436,1283,429,0,0,0,0,0,0,184,29,09 雲林縣,2 技職
112,0033,國立虎尾科技大學,N 修,B 四技,2056,1700,356,474,95,392,80,418,85,336,83,0,0,0,0,0,0,80,13,09 雲林縣,2 技職
112,0033,國立虎尾科技大學,D 日,C 二技,238,190,48,0,0,0,0,90,20,88,26,0,0,0,0,0,0,12,2,09 雲林縣,2 技職
112,0033,國立虎尾科技大學,N 修,C 二技,170,122,48,0,0,0,0,68,25,51,21,0,0,0,0,0,0,3,2,09 雲林縣,2 技職
112,0033,國立虎尾科技大學,D 日,2 二專,78,77,1,37,0,29,1,0,0,0,0,0,0,0,0,0,0,11,0,09 雲林縣,2 技職
112,0033,國立虎尾科技大學,D 日,5 五專,358,308,50,76,13,69,14,57,10,70,9,30,4,0,0,0,0,6,0,09 雲林縣,2 技職
112,0035,國立臺南藝術大學,D 日,D 博士,67,26,41,3,10,2,11,8,7,4,6,3,2,3,2,3,3,0,0,11 臺南市,1 一般
112,0035,國立臺南藝術大學,D 日,M 碩士,553,203,350,53,94,56,82,57,87,36,85,0,0,1,1,0,1,0,0,11 臺南市,1 一般
112,0035,國立臺南藝術大學,N 職,M 碩士,54,11,43,1,14,2,11,4,6,2,3,0,3,1,2,1,4,0,0,11 臺南市,1 一般
112,0035,國立臺南藝術大學,D 日,B 學士,802,280,522,76,120,68,115,63,111,45,133,0,0,0,0,0,0,28,43,11 臺南市,1 一般
112,0035,國立臺南藝術大學,D 日,5 七年,162,59,103,21,33,15,39,23,31,0,0,0,0,0,0,0,0,0,0,11 臺南市,1 一般
112,0036,國立臺南大學,D 日,D 博士,141,58,83,8,17,8,17,8,14,11,8,5,11,3,7,15,9,0,0,21 臺南市,1 一般
112,0036,國立臺南大學,D 日,M 碩士,1034,424,610,160,206,129,169,66,124,66,106,2,4,1,1,0,0,0,0,21 臺南市,1 一般
112,0036,國立臺南大學,N 職,M 碩士,635,205,430,80,143,69,127,28,75,16,67,11,17,1,1,0,0,0,0,21 臺南市,1 一般
112,0036,國立臺南大學,D 日,B 學士,3962,1794,2168,431,552,433,534,422,535,432,491,0,0,0,0,0,0,76,56,21 臺南市,1 一般
112,0036,國立臺南大學,P 進,B 學士,189,113,76,33,11,30,15,18,25,26,18,0,0,0,0,0,0,6,7,21 臺南市,1 一般
112,0037,國立臺北教育大學,D 日,D 博士,138,55,83,10,14,8,15,6,11,3,10,9,7,3,10,16,16,0,0,30 臺北市,3 師範
112,0037,國立臺北教育大學,D 日,M 碩士,1460,412,1048,101,280,113,278,96,216,67,180,14,45,12,28,9,21,0,0,30 臺北市,3 師範
112,0037,國立臺北教育大學,N 職,M 碩士,1145,275,870,95,268,69,261,57,152,34,118,10,27,10,44,0,0,0,0,30 臺北市,3 師範
112,0037,國立臺北教育大學,D 日,B 學士,3352,1119,2233,279,535,248,558,268,524,275,534,0,0,0,0,0,0,49,82,30 臺北市,3 師範
112,0039,國立臺中教育大學,D 日,D 博士,108,43,65,4,12,2,13,7,11,7,9,5,5,1,6,17,9,0,0,19 臺中市,3 師範
112,0039,國立臺中教育大學,D 日,M 碩士,943,279,664,91,224,76,185,58,140,44,75,6,24,4,16,0,0,0,0,19 臺中市,3 師範
112,0039,國立臺中教育大學,N 職,M 碩士,756,149,607,51,190,50,155,19,111,14,72,10,48,5,31,0,0,0,0,19 臺中市,3 師範
112,0039,國立臺中教育大學,D 日,B 學士,3283,1141,2142,250,534,286,520,292,499,256,510,0,0,0,0,0,0,57,79,19 臺中市,3 師範
112,0042,國立澎湖科技大學,D 日,M 碩士,68,31,37,12,16,11,13,5,5,3,3,0,0,0,0,0,0,0,0,16 澎湖縣,2 技職
112,0042,國立澎湖科技大學,N 職,M 碩士,43,24,19,9,8,13,9,1,2,1,0,0,0,0,0,0,0,0,0,16 澎湖縣,2 技職
112,0042,國立澎湖科技大學,D 日,B 四技,2270,1441,829,336,181,311,189,345,183,348,244,0,0,0,0,0,0,101,32,16 澎湖縣,2 技職
112,0042,國立澎湖科技大學,N 修,B 四技,215,108,107,35,27,26,18,18,28,22,29,0,0,0,0,0,0,7,5,16 澎湖縣,2 技職
112,0042,國立澎湖科技大學,D 日,5 五專,106,99,7,21,3,29,2,28,0,11,0,8,2,0,0,0,0,2,0,16 澎湖縣,2 技職
112,0043,國立勤益科技大學,D 日,D 博士,63,54,9,9,2,12,3,14,1,11,1,6,1,1,0,1,1,0,0,06 臺中市,2 技職
112,0043,國立勤益科技大學,D 日,M 碩士,702,514,188,217,75,207,86,80,26,9,1,1,0,0,0,0,0,0,0,06 臺中市,2 技職
112,0043,國立勤益科技大學,N 職,M 碩士,314,248,66,104,26,78,31,36,6,22,2,6,1,2,0,0,0,0,0,06 臺中市,2 技職
112,0043,國立勤益科技大學,D 日,B 四技,7095,4902,2193,1357,561,1205,583,1106,517,1024,472,0,0,0,0,0,0,210,60,06 臺中市,2 技職
112,0043,國立勤益科技大學,N 修,B 四技,3638,3099,539,857,131,730,134,690,128,651,122,0,0,0,0,0,0,171,24,06 臺中市,2 技職
112,0043,國立勤益科技大學,D 日,C 二技,128,101,27,0,0,0,0,43,13,18,0,37,14,0,0,0,0,3,0,06 臺中市,2 技職
112,0043,國立勤益科技大學,N 修,C 二技,422,328,94,0,0,0,0,175,49,139,42,0,0,0,0,0,0,14,3,06 臺中市,2 技職
112,0043,國立勤益科技大學,N 修,2 二專,241,180,61,88,34,61,18,0,0,0,0,0,0,0,0,0,0,31,9,06 臺中市,2 技職
112,0044,國立體育大學,D 日,D 博士,139,92,47,11,6,11,11,15,9,13,8,18,3,11,4,13,6,0,0,03 桃園市,1 一般
112,0044,國立體育大學,D 日,M 碩士,371,208,163,82,46,54,62,44,36,28,19,0,0,0,0,0,0,0,0,03 桃園市,1 一般
112,0044,國立體育大學,N 職,M 碩士,237,125,112,41,38,32,42,24,19,12,8,10,3,6,2,0,0,0,0,03 桃園市,1 一般
112,0044,國立體育大學,D 日,B 學士,1942,1178,764,296,191,266,197,273,173,245,158,0,0,0,0,0,0,98,45,03 桃園市,1 一般
112,0044,國立體育大學,N 修,C 二年制,70,45,25,0,0,0,0,18,6,21,16,0,0,0,0,0,0,6,3,03 桃園市,1 一般
112,0046,國立臺北護理健康大學,D 日,D 博士,79,5,74,1,13,1,14,1,11,1,17,1,11,0,3,0,5,0,0,30 臺北市,2 技職
112,0046,國立臺北護理健康大學,D 日,M 碩士,563,92,471,36,145,28,147,19,95,9,84,0,0,0,0,0,0,0,0,30 臺北市,2 技職
112,0046,國立臺北護理健康大學,N 職,M 碩士,197,33,164,11,48,12,38,5,50,5,28,0,0,0,0,0,0,0,0,30 臺北市,2 技職
112,0046,國立臺北護理健康大學,D 日,B 四技,2785,726,2059,188,530,169,511,156,481,172,470,0,0,0,0,0,0,41,67,30 臺北市,2 技職
112,0046,國立臺北護理健康大學,D 日,C 二技,958,93,865,0,0,0,0,46,452,45,393,0,0,0,0,0,0,2,20,30 臺北市,2 技職
112,0046,國立臺北護理健康大學,N 修,C 二技,693,48,645,0,0,0,0,24,216,17,189,7,223,0,0,0,0,0,17,30 臺北市,2 技職
112,0047,國立高雄餐旅大學,D 日,D 博士,37,22,15,5,2,2,2,3,4,5,2,3,3,2,1,2,1,0,0,50 高雄市,2 技職
112,0047,國立高雄餐旅大學,D 日,M 碩士,129,46,83,19,28,16,38,6,11,5,6,0,0,0,0,0,0,0,0,50 高雄市,2 技職
112,0047,國立高雄餐旅大學,N 職,M 碩士,22,6,16,1,7,3,5,0,3,2,1,0,0,0,0,0,0,0,0,50 高雄市,2 技職
112,0047,國立高雄餐旅大學,D 日,B 四技,2834,941,1893,228,439,224,461,241,478,236,499,0,0,0,0,0,0,12,16,50 高雄市,2 技職
112,0047,國立高雄餐旅大學,N 修,B 四技,845,332,513,76,101,68,126,107,152,76,130,0,0,0,0,0,0,5,4,50 高雄市,2 技職
112,0047,國立高雄餐旅大學,D 日,C 二技,57,22,35,0,0,0,0,6,10,16,22,0,0,0,0,0,0,0,3,50 高雄市,2 技職
112,0047,國立高雄餐旅大學,N 修,C 二技,128,34,94,0,0,0,0,17,44,17,49,0,0,0,0,0,0,0,1,50 高雄市,2 技職
112,0047,國立高雄餐旅大學,D 日,5 五專,251,94,157,18,36,19,31,16,29,17,33,22,27,0,0,0,0,2,1,50 高雄市,2 技職
112,0048,國立金門大學,D 日,D 博士,4,2,2,1,1,1,1,0,0,0,0,0,0,0,0,0,0,0,0,71 金門縣,1 一般
112,0048,國立金門大學,D 日,M 碩士,225,126,99,53,41,47,47,18,6,8,5,0,0,0,0,0,0,0,0,71 金門縣,1 一般
112,0048,國立金門大學,N 職,M 碩士,77,44,33,23,12,11,15,5,4,5,2,0,0,0,0,0,0,0,0,71 金門縣,1 一般
112,0048,國立金門大學,D 日,B 學士,3043,1605,1438,404,366,332,345,398,368,379,300,22,18,0,0,0,0,70,41,71 金門縣,1 一般
112,0048,國立金門大學,P 進,B 學士,701,377,324,87,64,73,77,99,73,72,85,0,0,0,0,0,0,46,25,71 金門縣,1 一般
112,0049,國立臺灣體育運動大學,D 日,D 博士,19,10,9,4,0,2,2,2,3,2,4,0,0,0,0,0,0,0,0,19 臺中市,1 一般
112,0049,國立臺灣體育運動大學,D 日,M 碩士,287,146,141,52,36,35,49,23,31,22,14,9,9,5,2,0,0,0,0,19 臺中市,1 一般
112,0049,國立臺灣體育運動大學,N 職,M 碩士,139,89,50,23,21,28,9,19,13,14,6,1,1,2,0,2,0,0,0,19 臺中市,1 一般
112,0049,國立臺灣體育運動大學,D 日,B 學士,2356,1386,970,338,243,338,226,315,211,292,243,0,0,0,0,0,0,103,47,19 臺中市,1 一般
112,0049,國立臺灣體育運動大學,P 進,B 學士,348,242,106,71,26,57,27,45,26,52,22,0,0,0,0,0,0,17,5,19 臺中市,1 一般
112,0050,國立臺中科技大學,D 日,D 博士,5,3,2,3,2,0,0,0,0,0,0,0,0,0,0,0,0,0,0,19 臺中市,2 技職
112,0050,國立臺中科技大學,D 日,M 碩士,419,160,259,54,114,69,90,23,36,14,19,0,0,0,0,0,0,0,0,19 臺中市,2 技職
112,0050,國立臺中科技大學,N 職,M 碩士,282,106,176,55,68,36,80,9,22,6,6,0,0,0,0,0,0,0,0,19 臺中市,2 技職
112,0050,國立臺中科技大學,D 日,B 四技,5694,1999,3695,545,938,535,889,458,894,393,890,0,0,0,0,0,0,68,84,19 臺中市,2 技職
112,0050,國立臺中科技大學,N 修,B 四技,2276,811,1465,258,456,185,332,161,301,155,302,0,0,0,0,0,0,52,74,19 臺中市,2 技職
112,0050,國立臺中科技大學,D 日,C 二技,1273,332,941,0,0,0,0,141,458,172,439,0,0,0,0,0,0,19,44,19 臺中市,2 技職
112,0050,國立臺中科技大學,N 修,C 二技,1531,515,1016,0,0,0,0,277,487,200,491,0,0,0,0,0,0,38,38,19 臺中市,2 技職
112,0050,國立臺中科技大學,N 修,2 二專,805,292,513,116,223,143,234,0,0,0,0,0,0,0,0,0,0,33,56,19 臺中市,2 技職
112,0050,國立臺中科技大學,D 日,5 五專,3704,1069,2635,216,566,229,523,214,509,190,510,190,464,0,0,0,0,30,63,19 臺中市,2 技職
112,0051,國立臺北商業大學,D 日,D 博士,10,7,3,1,2,3,0,2,0,1,1,0,0,0,0,0,0,0,0,30 臺北市,2 技職
112,0051,國立臺北商業大學,D 日,M 碩士,320,125,195,40,91,64,93,17,10,4,1,0,0,0,0,0,0,0,0,30 臺北市,2 技職
112,0051,國立臺北商業大學,N 職,M 碩士,135,57,78,30,35,17,33,1,1,9,9,0,0,0,0,0,0,0,0,30 臺北市,2 技職
112,0051,國立臺北商業大學,D 日,B 四技,2367,800,1567,201,377,197,371,194,383,181,402,0,0,0,0,0,0,27,34,30 臺北市,2 技職
112,0051,國立臺北商業大學,N 修,B 四技,929,360,569,96,150,86,131,83,137,78,135,0,0,0,0,0,0,17,16,30 臺北市,2 技職
112,0051,國立臺北商業大學,D 日,C 二技,571,144,427,0,0,0,0,81,193,59,215,0,0,0,0,0,0,4,19,30 臺北市,2 技職
112,0051,國立臺北商業大學,N 修,C 二技,784,272,512,0,0,0,0,115,236,130,244,0,0,0,0,0,0,27,32,30 臺北市,2 技職
112,0051,國立臺北商業大學,N 修,2 二專,138,57,81,21,20,23,49,0,0,0,0,0,0,0,0,0,0,13,12,30 臺北市,2 技職
112,0051,國立臺北商業大學,D 日,5 五專,1745,518,1227,111,243,102,245,103,236,91,240,87,232,0,0,0,0,24,31,30 臺北市,2 技職
112,0052,國立屏東大學,D 日,D 博士,46,23,23,4,4,2,3,3,5,6,5,3,3,3,1,2,2,0,0,13 屏東縣,1 一般
112,0052,國立屏東大學,D 日,M 碩士,920,330,590,111,219,122,154,65,121,32,96,0,0,0,0,0,0,0,0,13 屏東縣,1 一般
112,0052,國立屏東大學,N 職,M 碩士,697,198,499,61,150,57,127,42,93,21,57,10,37,7,35,0,0,0,0,13 屏東縣,1 一般
112,0052,國立屏東大學,D 日,B 學士,6562,2918,3644,726,899,748,842,695,914,641,896,0,0,0,0,0,0,108,93,13 屏東縣,1 一般
112,0052,國立屏東大學,P 進,B 學士,634,315,319,54,48,56,42,83,97,88,110,0,0,0,0,0,0,34,22,13 屏東縣,1 一般
112,0053,國立高雄科技大學,D 日,D 博士,564,418,146,78,23,85,44,79,35,51,23,52,8,28,6,45,7,0,0,50 高雄市,2 技職
112,0053,國立高雄科技大學,D 日,M 碩士,2608,1733,875,764,377,747,384,145,78,77,36,0,0,0,0,0,0,0,0,50 高雄市,2 技職
112,0053,國立高雄科技大學,N 職,M 碩士,1943,1212,731,488,312,432,298,136,64,80,35,52,10,24,12,0,0,0,0,50 高雄市,2 技職
112,0053,國立高雄科技大學,D 日,B 四技,17471,10885,6586,2709,1617,2643,1577,2553,1670,2575,1590,0,0,0,0,0,0,405,132,50 高雄市,2 技職
112,0053,國立高雄科技大學,N 修,B 四技,3527,2395,1132,534,254,518,228,546,279,506,288,0,0,0,0,0,0,291,83,50 高雄市,2 技職
112,0053,國立高雄科技大學,D 日,C 二技,454,327,127,0,0,0,0,177,51,114,62,0,0,0,0,0,0,36,14,50 高雄市,2 技職
112,0053,國立高雄科技大學,N 修,C 二技,342,188,154,0,0,0,0,159,125,24,28,0,0,0,0,0,0,5,1,50 高雄市,2 技職
112,0053,國立高雄科技大學,D 日,5 五專,874,705,169,159,29,143,35,130,33,98,34,130,32,0,0,0,0,45,6,50 高雄市,2 技職
112,0144,國立臺灣戲曲學院,D 日,B 四技,501,189,312,39,84,48,70,46,67,46,77,0,0,0,0,0,0,10,14,30 臺北市,2 技職
112,0221,國立臺南護理專科學校,D 日,2 二專,67,4,63,2,28,2,32,0,0,0,0,0,0,0,0,0,0,0,3,21 臺南市,2 技職
112,0221,國立臺南護理專科學校,N 修,2 二專,38,5,33,2,14,3,19,0,0,0,0,0,0,0,0,0,0,0,0,21 臺南市,2 技職
112,0221,國立臺南護理專科學校,D 日,5 五專,1878,195,1683,49,357,45,351,33,351,37,316,29,294,0,0,0,0,2,14,21 臺南市,2 技職
112,0222,國立臺東專科學校,D 日,2 二專,412,303,109,174,57,122,50,0,0,0,0,0,0,0,0,0,0,7,2,14 臺東縣,2 技職
112,0222,國立臺東專科學校,N 修,2 二專,87,45,42,27,18,18,22,0,0,0,0,0,0,0,0,0,0,0,2,14 臺東縣,2 技職
112,0222,國立臺東專科學校,D 日,5 五專,187,102,85,16,15,12,22,21,12,19,11,23,20,0,0,0,0,11,5,14 臺東縣,2 技職
112,1001,東海大學,D 日,D 博士,249,148,101,23,21,23,8,24,12,19,13,11,20,20,8,28,19,0,0,19 臺中市,1 一般
112,1001,東海大學,D 日,M 碩士,1379,687,692,263,249,190,223,114,126,107,91,6,2,7,1,0,0,0,0,19 臺中市,1 一般
112,1001,東海大學,N 職,M 碩士,753,355,398,117,140,90,125,61,62,35,36,28,21,24,14,0,0,0,0,19 臺中市,1 一般
112,1001,東海大學,D 日,B 學士,12951,5896,7055,1407,1696,1398,1629,1449,1734,1333,1705,9,20,0,0,0,0,300,271,19 臺中市,1 一般
112,1001,東海大學,P 進,B 學士,250,107,143,18,34,15,19,21,28,25,32,12,19,0,0,0,0,16,11,19 臺中市,1 一般
112,1002,輔仁大學,D 日,D 博士,428,235,193,51,20,41,36,27,31,32,31,24,27,35,20,25,28,0,0,01 新北市,1 一般
112,1002,輔仁大學,D 日,M 碩士,1939,746,1193,281,387,239,397,134,241,89,165,1,2,2,1,0,0,0,0,01 新北市,1 一般
112,1002,輔仁大學,N 職,M 碩士,1498,584,914,209,295,194,257,80,149,52,104,29,69,20,40,0,0,0,0,01 新北市,1 一般
112,1002,輔仁大學,D 日,B 學士,18048,7332,10716,1712,2519,1732,2547,1782,2601,1577,2594,35,17,40,12,0,0,454,426,01 新北市,1 一般
112,1002,輔仁大學,P 進,B 學士,3677,1498,2179,316,434,312,431,383,560,340,526,0,0,0,0,0,0,147,228,01 新北市,1 一般
112,1002,輔仁大學,N 修,C 二技,42,3,39,0,0,0,0,1,20,2,19,0,0,0,0,0,0,0,0,01 新北市,2 技職
112,1003,東吳大學,D 日,D 博士,113,63,50,9,7,10,4,8,8,12,5,6,9,5,5,13,12,0,0,30 臺北市,1 一般
112,1003,東吳大學,D 日,M 碩士,1307,590,717,194,221,162,228,120,142,101,121,13,5,0,0,0,0,0,0,30 臺北市,1 一般
112,1003,東吳大學,N 職,M 碩士,1279,595,684,146,168,148,193,94,106,91,86,66,67,50,64,0,0,0,0,30 臺北市,1 一般
112,1003,東吳大學,D 日,B 學士,11909,4730,7179,1121,1659,1093,1607,1078,1711,1037,1706,94,149,0,0,0,0,307,347,30 臺北市,1 一般
112,1003,東吳大學,P 進,B 學士,601,227,374,18,28,24,36,66,99,67,116,40,74,0,0,0,0,12,21,30 臺北市,1 一般
112,1004,中原大學,D 日,D 博士,332,210,122,37,26,39,24,45,23,28,21,17,12,20,11,24,5,0,0,03 桃園市,1 一般
112,1004,中原大學,D 日,M 碩士,1668,932,736,399,285,343,259,107,99,75,81,5,7,3,5,0,0,0,0,03 桃園市,1 一般
112,1004,中原大學,N 職,M 碩士,964,587,377,203,144,187,119,92,51,56,30,25,17,22,13,2,3,0,0,03 桃園市,1 一般
112,1004,中原大學,D 日,B 學士,13732,7135,6597,1621,1540,1704,1543,1620,1595,1600,1511,69,93,0,0,0,0,521,315,03 桃園市,1 一般
112,1005,淡江大學,D 日,D 博士,351,229,122,48,23,37,24,39,22,34,12,29,12,20,15,22,14,0,0,01 新北市,1 一般
112,1005,淡江大學,D 日,M 碩士,1419,765,654,319,270,301,206,109,110,36,68,0,0,0,0,0,0,0,0,01 新北市,1 一般
112,1005,淡江大學,N 職,M 碩士,622,309,313,104,117,101,118,46,33,29,23,18,14,11,8,0,0,0,0,01 新北市,1 一般
112,1005,淡江大學,D 日,B 學士,19466,10426,9040,2337,2003,2339,1980,2484,2333,2437,2274,34,31,0,0,0,0,795,419,01 新北市,1 一般
112,1005,淡江大學,P 進,B 學士,816,492,324,77,36,75,49,140,84,124,85,0,0,0,0,0,0,76,70,01 新北市,1 一般
112,1006,中國文化大學,D 日,D 博士,494,298,196,38,26,32,20,29,28,33,23,31,21,43,13,92,65,0,0,30 臺北市,1 一般
112,1006,中國文化大學,D 日,M 碩士,1518,787,731,186,217,183,160,112,124,118,92,92,64,96,74,0,0,0,0,30 臺北市,1 一般
112,1006,中國文化大學,N 職,M 碩士,565,201,364,47,103,48,95,25,61,21,33,22,26,38,46,0,0,0,0,30 臺北市,1 一般
112,1006,中國文化大學,D 日,B 學士,15975,8296,7679,1358,1161,1308,1290,2060,1988,2089,2115,33,18,0,0,0,0,1448,1107,30 臺北市,1 一般
112,1006,中國文化大學,P 進,B 學士,1139,432,707,102,190,57,157,94,113,77,129,0,0,0,0,0,0,102,118,30 臺北市,1 一般
112,1006,中國文化大學,N 修,C 二技,175,64,111,0,0,0,0,25,38,22,49,12,20,0,0,0,0,5,4,30 臺北市,2 技職
112,1007,逢甲大學,D 日,D 博士,404,278,126,50,23,53,33,54,19,38,20,27,7,18,13,38,11,0,0,19 臺中市,1 一般
112,1007,逢甲大學,D 日,M 碩士,1714,1123,591,498,279,420,213,147,71,52,24,4,3,2,1,0,0,0,0,19 臺中市,1 一般
112,1007,逢甲大學,N 職,M 碩士,1175,711,464,269,208,244,167,84,36,51,30,35,17,28,6,0,0,0,0,19 臺中市,1 一般
112,1007,逢甲大學,D 日,B 學士,17372,10092,7280,2371,1648,2461,1791,2400,1824,2302,1785,53,57,0,0,0,0,505,175,19 臺中市,1 一般
112,1007,逢甲大學,P 進,B 學士,776,471,305,84,52,103,53,118,83,110,84,0,0,0,0,0,0,56,33,19 臺中市,1 一般
112,1008,靜宜大學,D 日,D 博士,61,25,36,5,7,4,4,6,4,1,9,1,6,3,2,5,4,0,0,06 臺中市,1 一般
112,1008,靜宜大學,D 日,M 碩士,678,248,430,97,158,75,128,46,90,27,50,3,1,0,3,0,0,0,0,06 臺中市,1 一般
112,1008,靜宜大學,N 職,M 碩士,376,142,234,49,76,36,78,22,33,18,22,7,9,10,16,0,0,0,0,06 臺中市,1 一般
112,1008,靜宜大學,D 日,B 學士,9872,3893,5979,814,1180,841,1279,978,1544,968,1633,0,0,0,0,0,0,292,343,06 臺中市,1 一般
112,1009,長庚大學,D 日,D 博士,454,275,179,46,35,40,34,40,30,27,24,34,14,28,15,60,27,0,0,03 桃園市,1 一般
112,1009,長庚大學,D 日,M 碩士,1199,552,647,229,253,198,222,82,98,40,48,3,14,0,12,0,0,0,0,03 桃園市,1 一般
112,1009,長庚大學,N 職,M 碩士,178,90,88,34,38,31,37,10,7,6,3,7,1,2,2,0,0,0,0,03 桃園市,1 一般
112,1009,長庚大學,D 日,B 學士,5272,2491,2781,551,689,556,611,539,651,572,567,79,84,94,72,25,32,75,75,03 桃園市,1 一般
112,1010,元智大學,D 日,D 博士,238,176,62,39,10,16,15,36,11,22,5,26,10,20,7,17,4,0,0,03 桃園市,1 一般
112,1010,元智大學,D 日,M 碩士,820,512,308,231,125,176,128,73,39,32,16,0,0,0,0,0,0,0,0,03 桃園市,1 一般
112,1010,元智大學,N 職,M 碩士,525,312,213,98,70,81,82,66,30,23,13,31,11,13,7,0,0,0,0,03 桃園市,1 一般
112,1010,元智大學,D 日,B 學士,7180,4023,3157,958,742,924,731,965,802,934,731,0,0,0,0,0,0,242,151,03 桃園市,1 一般
112,1011,中華大學,D 日,D 博士,58,40,18,6,4,8,6,10,3,7,0,4,1,3,2,2,2,0,0,18 新竹市,1 一般
112,1011,中華大學,D 日,M 碩士,288,187,101,74,47,66,35,30,12,15,5,2,2,0,0,0,0,0,0,18 新竹市,1 一般
112,1011,中華大學,N 職,M 碩士,125,90,35,38,19,33,14,15,2,4,0,0,0,0,0,0,0,0,0,18 新竹市,1 一般
112,1011,中華大學,D 日,B 學士,3099,2134,965,400,164,379,175,503,235,591,284,35,24,0,0,0,0,226,83,18 新竹市,1 一般
112,1011,中華大學,P 進,B 學士,133,82,51,15,8,18,15,22,10,20,14,0,0,0,0,0,0,7,4,18 新竹市,1 一般
112,1011,中華大學,N 修,C 二技,195,126,69,0,0,0,0,23,6,99,62,0,0,0,0,0,0,4,1,18 新竹市,2 技職
112,1012,大葉大學,D 日,D 博士,113,76,37,24,5,12,7,5,9,11,6,10,5,8,4,6,1,0,0,07 彰化縣,1 一般
112,1012,大葉大學,D 日,M 碩士,400,206,194,96,95,58,59,28,27,19,12,5,1,0,0,0,0,0,0,07 彰化縣,1 一般
112,1012,大葉大學,N 職,M 碩士,141,66,75,41,44,14,5,4,15,4,6,0,3,3,2,0,0,0,0,07 彰化縣,1 一般
112,1012,大葉大學,D 日,B 學士,3654,2046,1608,297,229,431,334,512,440,610,523,0,0,0,0,0,0,196,82,07 彰化縣,1 一般
112,1012,大葉大學,P 進,B 學士,194,130,64,21,13,22,11,32,17,36,19,0,0,0,0,0,0,19,4,07 彰化縣,1 一般
112,1012,大葉大學,N 修,C 二技,59,9,50,0,0,0,0,5,8,4,28,0,0,0,0,0,0,0,14,07 彰化縣,2 技職
112,1013,華梵大學,D 日,D 博士,64,29,35,7,7,3,8,1,5,5,4,5,5,5,3,3,3,0,0,01 新北市,1 一般
112,1013,華梵大學,D 日,M 碩士,184,79,105,39,44,19,25,9,18,12,18,0,0,0,0,0,0,0,0,01 新北市,1 一般
112,1013,華梵大學,N 職,M 碩士,231,94,137,45,58,20,38,9,21,8,15,8,3,4,2,0,0,0,0,01 新北市,1 一般
112,1013,華梵大學,D 日,B 學士,544,257,287,81,107,58,76,43,48,59,48,0,0,0,0,0,0,16,8,01 新北市,1 一般
112,1014,義守大學,D 日,D 博士,131,89,42,15,6,17,9,17,7,18,7,9,7,6,3,7,3,0,0,12 高雄市,1 一般
112,1014,義守大學,D 日,M 碩士,377,179,198,86,78,61,75,22,26,10,19,0,0,0,0,0,0,0,0,12 高雄市,1 一般
112,1014,義守大學,N 職,M 碩士,304,203,101,77,45,75,31,18,14,10,7,11,3,12,1,0,0,0,0,12 高雄市,1 一般
112,1014,義守大學,D 日,B 學士,10167,5140,5027,1043,995,1054,1109,1321,1316,1293,1341,43,33,0,0,0,0,386,233,12 高雄市,1 一般
112,1014,義守大學,P 進,B 學士,599,465,134,137,37,104,36,109,29,66,22,0,0,0,0,0,0,49,10,12 高雄市,1 一般
112,1014,義守大學,N 修,C 二技,143,26,117,0,0,0,0,16,59,9,54,0,0,0,0,0,0,1,4,12 高雄市,2 技職
112,1015,世新大學,D 日,D 博士,81,39,42,6,7,9,8,7,10,3,6,6,5,4,3,4,3,0,0,30 臺北市,1 一般
112,1015,世新大學,D 日,M 碩士,473,208,265,84,115,58,82,40,42,26,25,0,1,0,0,0,0,0,0,30 臺北市,1 一般
112,1015,世新大學,N 職,M 碩士,543,274,269,74,89,57,57,45,47,41,43,25,20,32,13,0,0,0,0,30 臺北市,1 一般
112,1015,世新大學,D 日,B 學士,9150,3175,5975,695,1488,785,1421,756,1434,779,1458,0,0,0,0,0,0,160,174,30 臺北市,1 一般
112,1015,世新大學,P 進,B 學士,673,235,438,79,141,44,103,66,127,30,50,0,0,0,0,0,0,16,17,30 臺北市,1 一般
112,1016,銘傳大學,D 日,D 博士,78,35,43,9,11,8,4,3,5,3,6,4,5,2,7,6,5,0,0,30 臺北市,1 一般
112,1016,銘傳大學,D 日,M 碩士,769,292,477,122,171,86,167,49,83,35,56,0,0,0,0,0,0,0,0,30 臺北市,1 一般
112,1016,銘傳大學,N 職,M 碩士,702,282,420,97,140,75,139,35,49,35,39,20,29,20,24,0,0,0,0,30 臺北市,1 一般
112,1016,銘傳大學,D 日,B 學士,15949,6409,9540,1405,1981,1468,2206,1595,2429,1482,2519,29,18,0,0,0,0,430,387,30 臺北市,1 一般
112,1017,實踐大學,D 日,D 博士,25,11,14,1,2,3,0,2,1,1,3,2,7,1,1,1,0,0,0,30 臺北市,1 一般
112,1017,實踐大學,D 日,M 碩士,329,144,185,37,70,41,50,33,34,31,31,2,0,0,0,0,0,0,0,30 臺北市,1 一般
112,1017,實踐大學,N 職,M 碩士,107,20,87,6,28,6,31,3,13,5,15,0,0,0,0,0,0,0,0,30 臺北市,1 一般
112,1017,實踐大學,D 日,B 學士,9112,3096,6016,631,1349,675,1226,752,1491,745,1530,14,25,0,0,0,0,279,395,30 臺北市,1 一般
112,1017,實踐大學,P 進,B 學士,1107,351,756,47,115,58,128,78,199,97,219,0,0,0,0,0,0,71,95,30 臺北市,1 一般
112,1017,實踐大學,N 修,C 二技,74,14,60,0,0,0,0,10,36,4,18,0,0,0,0,0,0,0,6,30 臺北市,2 技職
112,1018,朝陽科技大學,D 日,D 博士,99,68,31,9,5,18,10,16,7,10,5,8,1,2,3,5,0,0,0,06 臺中市,2 技職
112,1018,朝陽科技大學,D 日,M 碩士,609,321,288,135,111,117,103,49,42,19,28,1,3,0,0,0,1,0,0,06 臺中市,2 技職
112,1018,朝陽科技大學,N 職,M 碩士,251,117,134,44,38,24,27,9,19,16,20,17,12,6,15,1,3,0,0,06 臺中市,2 技職
112,1018,朝陽科技大學,D 日,B 四技,11082,4914,6168,1215,1592,1203,1450,1140,1479,1084,1470,0,0,0,0,0,0,272,177,06 臺中市,2 技職
112,1018,朝陽科技大學,N 修,B 四技,1168,566,602,88,99,118,100,121,144,158,185,0,0,0,0,0,0,81,74,06 臺中市,2 技職
112,1018,朝陽科技大學,D 日,C 二技,24,13,11,0,0,0,0,1,2,8,6,0,0,0,0,0,0,4,3,06 臺中市,2 技職
112,1019,高雄醫學大學,D 日,D 博士,309,167,142,45,29,36,24,29,25,21,23,16,16,14,13,6,12,0,0,50 高雄市,1 一般
112,1019,高雄醫學大學,D 日,M 碩士,703,226,477,97,197,75,169,43,77,10,33,1,1,0,0,0,0,0,0,50 高雄市,1 一般
112,1019,高雄醫學大學,N 職,M 碩士,221,92,129,37,52,35,51,16,18,4,7,0,1,0,0,0,0,0,0,50 高雄市,1 一般
112,1019,高雄醫學大學,D 日,B 學士,5388,2242,3146,440,755,497,701,477,680,444,721,190,139,151,81,0,0,43,69,50 高雄市,1 一般
112,1020,南華大學,D 日,D 博士,47,30,17,6,3,5,3,3,3,7,3,5,4,0,1,4,0,0,0,10 嘉義縣,1 一般
112,1020,南華大學,D 日,M 碩士,517,194,323,100,142,42,81,29,50,22,50,1,0,0,0,0,0,0,0,10 嘉義縣,1 一般
112,1020,南華大學,N 職,M 碩士,388,142,246,61,108,41,55,15,38,17,28,8,17,0,0,0,0,0,0,10 嘉義縣,1 一般
112,1020,南華大學,D 日,B 學士,3667,1682,1985,383,517,370,460,406,481,406,464,0,0,0,0,0,0,117,63,10 嘉義縣,1 一般
112,1020,南華大學,P 進,B 學士,275,172,103,61,32,25,21,36,23,36,20,0,0,0,0,0,0,14,7,10 嘉義縣,1 一般
112,1021,真理大學,D 日,M 碩士,124,65,59,21,19,22,21,11,11,7,6,4,0,0,2,0,0,0,0,01 新北市,1 一般
112,1021,真理大學,N 職,M 碩士,10,5,5,5,1,0,1,0,1,0,1,0,1,0,0,0,0,0,0,01 新北市,1 一般
112,1021,真理大學,D 日,B 學士,3146,1647,1499,206,165,309,291,434,421,537,514,0,0,0,0,0,0,161,108,01 新北市,1 一般
112,1021,真理大學,P 進,B 學士,1,0,1,0,0,0,0,0,0,0,0,0,0,0,0,0,0,0,1,01 新北市,1 一般
112,1022,大同大學,D 日,D 博士,101,72,29,17,4,11,6,15,0,10,4,10,6,2,6,7,3,0,0,30 臺北市,1 一般
112,1022,大同大學,D 日,M 碩士,232,139,93,53,39,53,36,25,10,8,8,0,0,0,0,0,0,0,0,30 臺北市,1 一般
112,1022,大同大學,N 職,M 碩士,127,95,32,36,10,27,16,18,2,6,1,8,3,0,0,0,0,0,0,30 臺北市,1 一般
112,1022,大同大學,D 日,B 學士,3143,1997,1146,454,252,404,243,523,319,488,287,0,0,0,0,0,0,128,45,30 臺北市,1 一般
112,1023,南臺科技大學,D 日,D 博士,81,55,26,15,7,11,4,8,7,5,3,8,1,4,3,4,1,0,0,11 臺南市,2 技職
112,1023,南臺科技大學,D 日,M 碩士,726,427,299,194,115,128,106,70,48,21,22,7,5,7,3,0,0,0,0,11 臺南市,2 技職
112,1023,南臺科技大學,N 職,M 碩士,288,131,157,47,68,52,53,10,14,11,8,7,9,4,5,0,0,0,0,11 臺南市,2 技職
112,1023,南臺科技大學,D 日,B 四技,10918,6353,4565,1453,1116,1486,1028,1512,1142,1558,1102,0,0,0,0,0,0,344,177,11 臺南市,2 技職
112,1023,南臺科技大學,N 修,B 四技,2211,1471,740,299,129,253,136,321,153,381,211,0,0,0,0,0,0,217,111,11 臺南市,2 技職
112,1023,南臺科技大學,D 日,C 二技,15,5,10,0,0,0,0,1,2,3,7,0,0,0,0,0,0,1,1,11 臺南市,2 技職
112,1023,南臺科技大學,N 修,C 二技,203,42,161,0,0,0,0,20,92,18,68,0,0,0,0,0,0,4,1,11 臺南市,2 技職
112,1023,南臺科技大學,D 日,5 五專,475,403,72,106,25,87,23,66,9,71,11,59,4,0,0,0,0,14,0,11 臺南市,2 技職
112,1024,崑山科技大學,D 日,D 博士,29,23,6,8,1,2,0,3,1,3,0,4,3,2,1,1,0,0,0,11 臺南市,2 技職
112,1024,崑山科技大學,D 日,M 碩士,280,185,95,82,38,74,42,22,9,7,6,0,0,0,0,0,0,0,0,11 臺南市,2 技職
112,1024,崑山科技大學,N 職,M 碩士,201,130,71,61,34,48,25,8,9,13,3,0,0,0,0,0,0,0,0,11 臺南市,2 技職
112,1024,崑山科技大學,D 日,B 四技,5760,3427,2333,757,594,820,641,848,481,754,490,0,0,0,0,0,0,248,127,11 臺南市,2 技職
112,1024,崑山科技大學,N 修,B 四技,1789,1256,533,292,99,269,101,280,128,295,160,0,0,0,0,0,0,120,45,11 臺南市,2 技職
112,1024,崑山科技大學,D 日,C 二技,24,16,8,0,0,0,0,9,6,5,2,2,0,0,0,0,0,0,0,11 臺南市,2 技職
112,1024,崑山科技大學,N 修,C 二技,318,187,131,0,0,0,0,100,57,85,71,0,0,0,0,0,0,2,3,11 臺南市,2 技職
112,1024,崑山科技大學,D 日,2 二專,12,3,9,0,0,3,9,0,0,0,0,0,0,0,0,0,0,0,0,11 臺南市,2 技職
112,1025,嘉南藥理大學,D 日,M 碩士,139,63,76,30,35,23,30,7,11,3,0,0,0,0,0,0,0,0,0,11 臺南市,2 技職
112,1025,嘉南藥理大學,N 職,M 碩士,146,73,73,32,24,29,34,4,8,3,6,3,1,2,0,0,0,0,0,11 臺南市,2 技職
112,1025,嘉南藥理大學,D 日,B 四技,7249,3066,4183,630,841,613,960,809,1055,778,1068,126,150,0,0,0,0,110,109,11 臺南市,2 技職
112,1025,嘉南藥理大學,N 修,B 四技,946,514,432,128,84,96,79,115,110,122,114,0,0,0,0,0,0,53,45,11 臺南市,2 技職
112,1025,嘉南藥理大學,D 日,C 二技,54,3,51,0,0,0,0,2,20,1,30,0,0,0,0,0,0,0,1,11 臺南市,2 技職
112,1025,嘉南藥理大學,N 修,C 二技,581,107,474,0,0,0,0,67,254,34,201,0,0,0,0,0,0,6,19,11 臺南市,2 技職
112,1025,嘉南藥理大學,D 日,5 五專,281,123,158,71,95,52,63,0,0,0,0,0,0,0,0,0,0,0,0,11 臺南市,2 技職
112,1026,樹德科技大學,D 日,D 博士,21,9,12,1,1,3,4,2,1,1,2,2,4,0,0,0,0,0,0,12 高雄市,2 技職
112,1026,樹德科技大學,D 日,M 碩士,241,101,140,46,46,39,47,13,28,3,19,0,0,0,0,0,0,0,0,12 高雄市,2 技職
112,1026,樹德科技大學,N 職,M 碩士,289,124,165,47,69,32,32,15,22,30,42,0,0,0,0,0,0,0,0,12 高雄市,2 技職
112,1026,樹德科技大學,D 日,B 四技,6036,2691,3345,649,829,599,781,640,795,587,802,0,0,0,0,0,0,216,138,12 高雄市,2 技職
112,1026,樹德科技大學,N 修,B 四技,886,501,385,174,120,97,70,98,88,100,87,0,0,0,0,0,0,32,20,12 高雄市,2 技職
112,1026,樹德科技大學,N 修,C 二技,744,359,385,0,0,0,0,242,248,105,129,0,0,0,0,0,0,12,8,12 高雄市,2 技職
112,1026,樹德科技大學,N 修,2 二專,236,95,141,49,74,44,64,0,0,0,0,0,0,0,0,0,0,2,3,12 高雄市,2 技職
112,1027,慈濟大學,D 日,D 博士,92,47,45,13,12,9,6,5,13,8,6,6,7,3,1,3,0,0,0,15 花蓮縣,1 一般
112,1027,慈濟大學,D 日,M 碩士,369,116,253,48,87,35,70,19,56,14,40,0,0,0,0,0,0,0,0,15 花蓮縣,1 一般
112,1027,慈濟大學,N 職,M 碩士,26,6,20,2,6,1,7,1,2,1,4,1,1,0,0,0,0,0,0,15 花蓮縣,1 一般
112,1027,慈濟大學,D 日,B 學士,2348,958,1390,183,283,188,266,229,342,221,387,66,37,37,20,0,0,34,55,15 花蓮縣,1 一般
112,1028,臺北醫學大學,D 日,D 博士,635,327,308,62,64,73,72,61,61,52,49,33,24,31,22,15,16,0,0,30 臺北市,1 一般
112,1028,臺北醫學大學,D 日,M 碩士,669,234,435,114,181,86,180,25,50,9,24,0,0,0,0,0,0,0,0,30 臺北市,1 一般
112,1028,臺北醫學大學,N 職,M 碩士,312,84,228,32,82,33,76,12,41,7,29,0,0,0,0,0,0,0,0,30 臺北市,1 一般
112,1028,臺北醫學大學,D 日,B 學士,4538,1896,2642,403,563,388,578,388,598,334,610,176,124,165,95,0,0,42,74,30 臺北市,1 一般
112,1029,中山醫學大學,D 日,D 博士,165,111,54,26,10,21,13,23,8,15,5,14,8,4,3,8,7,0,0,19 臺中市,1 一般
112,1029,中山醫學大學,D 日,M 碩士,550,173,377,73,153,67,113,20,67,13,44,0,0,0,0,0,0,0,0,19 臺中市,1 一般
112,1029,中山醫學大學,N 職,M 碩士,151,31,120,10,41,15,48,3,12,2,14,1,5,0,0,0,0,0,0,19 臺中市,1 一般
112,1029,中山醫學大學,D 日,B 學士,6103,2124,3979,424,981,441,820,493,943,450,914,122,100,119,93,0,0,75,128,19 臺中市,1 一般
112,1029,中山醫學大學,N 修,C 二技,116,43,73,0,0,0,0,16,25,17,17,10,29,0,0,0,0,0,2,19 臺中市,2 技職
112,1030,龍華科技大學,D 日,M 碩士,345,238,107,90,32,84,39,36,20,28,16,0,0,0,0,0,0,0,0,03 桃園市,2 技職
112,1030,龍華科技大學,N 職,M 碩士,113,82,31,32,12,40,16,8,2,2,1,0,0,0,0,0,0,0,0,03 桃園市,2 技職
112,1030,龍華科技大學,D 日,B 四技,7187,4987,2200,1127,514,1097,485,1220,470,1181,572,0,0,0,0,0,0,362,159,03 桃園市,2 技職
112,1030,龍華科技大學,N 修,B 四技,2512,1931,581,629,186,426,130,331,102,420,134,0,0,0,0,0,0,125,29,03 桃園市,2 技職
112,1030,龍華科技大學,D 日,C 二技,44,41,3,0,0,0,0,38,2,3,1,0,0,0,0,0,0,0,0,03 桃園市,2 技職
112,1030,龍華科技大學,D 日,2 二專,27,17,10,17,10,0,0,0,0,0,0,0,0,0,0,0,0,0,0,03 桃園市,2 技職
112,1030,龍華科技大學,D 日,5 五專,894,814,80,201,14,178,17,160,17,136,16,126,16,0,0,0,0,13,0,03 桃園市,2 技職
112,1031,輔英科技大學,D 日,M 碩士,159,38,121,23,47,10,38,5,19,0,14,0,3,0,0,0,0,0,0,12 高雄市,2 技職
112,1031,輔英科技大學,N 職,M 碩士,69,1,68,0,16,0,17,0,15,1,16,0,4,0,0,0,0,0,0,12 高雄市,2 技職
112,1031,輔英科技大學,D 日,B 四技,2943,1196,1747,228,322,245,373,326,453,301,488,0,0,0,0,0,0,96,111,12 高雄市,2 技職
112,1031,輔英科技大學,N 修,B 四技,328,251,77,71,26,52,10,52,18,44,18,0,0,0,0,0,0,32,5,12 高雄市,2 技職
112,1031,輔英科技大學,D 日,C 二技,1379,166,1213,0,0,0,0,76,588,87,602,0,0,0,0,0,0,3,23,12 高雄市,2 技職
112,1031,輔英科技大學,N 修,C 二技,942,170,772,0,0,0,0,66,361,77,292,15,23,0,0,0,0,12,96,12 高雄市,2 技職
112,1031,輔英科技大學,D 日,5 五專,2642,320,2322,56,474,72,431,70,438,54,491,58,427,0,0,0,0,10,61,12 高雄市,2 技職
112,1032,明新科技大學,D 日,D 博士,4,4,0,4,0,0,0,0,0,0,0,0,0,0,0,0,0,0,0,04 新竹縣,2 技職
112,1032,明新科技大學,D 日,M 碩士,367,200,167,75,66,89,65,26,23,10,13,0,0,0,0,0,0,0,0,04 新竹縣,2 技職
112,1032,明新科技大學,N 職,M 碩士,320,195,125,96,76,57,39,22,8,12,1,4,1,4,0,0,0,0,0,04 新竹縣,2 技職
112,1032,明新科技大學,D 日,B 四技,6022,3596,2426,813,542,865,604,839,563,726,539,0,0,0,0,0,0,353,178,04 新竹縣,2 技職
112,1032,明新科技大學,N 修,B 四技,2191,1405,786,360,189,283,168,312,170,321,198,0,0,0,0,0,0,129,61,04 新竹縣,2 技職
112,1032,明新科技大學,D 日,C 二技,62,41,21,0,0,0,0,18,5,23,16,0,0,0,0,0,0,0,0,04 新竹縣,2 技職
112,1032,明新科技大學,N 修,C 二技,723,377,346,0,0,0,0,188,173,176,159,0,0,0,0,0,0,13,14,04 新竹縣,2 技職
112,1032,明新科技大學,D 日,2 二專,27,24,3,7,1,17,2,0,0,0,0,0,0,0,0,0,0,0,0,04 新竹縣,2 技職
112,1032,明新科技大學,N 修,2 二專,178,111,67,55,32,51,29,0,0,0,0,0,0,0,0,0,0,5,6,04 新竹縣,2 技職
112,1033,長榮大學,D 日,D 博士,46,31,15,7,4,3,4,6,3,8,3,5,1,1,0,1,0,0,0,11 臺南市,1 一般
112,1033,長榮大學,D 日,M 碩士,224,85,139,36,58,22,36,16,18,10,21,1,6,0,0,0,0,0,0,11 臺南市,1 一般
112,1033,長榮大學,N 職,M 碩士,82,45,37,19,21,14,12,3,1,6,0,3,2,0,1,0,0,0,0,11 臺南市,1 一般
112,1033,長榮大學,D 日,B 學士,5107,2521,2586,454,456,515,523,662,682,735,806,0,0,0,0,0,0,155,119,11 臺南市,1 一般
112,1033,長榮大學,P 進,B 學士,195,158,37,39,9,34,3,46,9,33,14,0,0,0,0,0,0,6,2,11 臺南市,1 一般
112,1034,弘光科技大學,D 日,D 博士,16,1,15,0,3,0,6,1,4,0,0,0,1,0,0,0,1,0,0,06 臺中市,2 技職
112,1034,弘光科技大學,D 日,M 碩士,181,46,135,20,47,21,46,3,20,2,22,0,0,0,0,0,0,0,0,06 臺中市,2 技職
112,1034,弘光科技大學,N 職,M 碩士,91,29,62,8,18,12,19,6,13,3,6,0,5,0,1,0,0,0,0,06 臺中市,2 技職
112,1034,弘光科技大學,D 日,B 四技,6734,2387,4347,568,1025,536,1060,584,1055,551,1003,0,0,0,0,0,0,148,204,06 臺中市,2 技職
112,1034,弘光科技大學,N 修,B 四技,2730,1287,1443,319,368,253,328,287,316,302,337,4,24,0,0,0,0,122,70,06 臺中市,2 技職
112,1034,弘光科技大學,D 日,C 二技,708,55,653,0,0,0,0,34,320,21,332,0,0,0,0,0,0,0,1,06 臺中市,2 技職
112,1034,弘光科技大學,N 修,C 二技,740,81,659,0,0,0,0,29,204,30,245,22,203,0,0,0,0,0,7,06 臺中市,2 技職
112,1034,弘光科技大學,D 日,2 二專,28,12,16,9,11,3,5,0,0,0,0,0,0,0,0,0,0,0,0,06 臺中市,2 技職
112,1034,弘光科技大學,N 修,2 二專,99,11,88,5,42,4,37,0,0,0,0,0,0,0,0,0,0,2,9,06 臺中市,2 技職
112,1034,弘光科技大學,D 日,5 五專,268,29,239,4,54,3,50,5,47,5,42,8,43,0,0,0,0,4,3,06 臺中市,2 技職
112,1035,中國醫藥大學,D 日,D 博士,416,240,176,53,37,53,45,50,34,37,18,14,24,19,8,14,10,0,0,19 臺中市,1 一般
112,1035,中國醫藥大學,D 日,M 碩士,496,165,331,73,160,70,136,17,22,5,12,0,1,0,0,0,0,0,0,19 臺中市,1 一般
112,1035,中國醫藥大學,N 職,M 碩士,81,23,58,11,18,10,22,0,10,1,6,1,2,0,0,0,0,0,0,19 臺中市,1 一般
112,1035,中國醫藥大學,D 日,B 學士,6356,2690,3666,516,785,543,763,523,768,494,762,307,340,178,125,62,48,67,75,19 臺中市,1 一般
112,1036,健行科技大學,D 日,M 碩士,352,184,168,72,77,58,45,27,29,26,17,0,0,0,0,1,0,0,0,03 桃園市,2 技職
112,1036,健行科技大學,N 職,M 碩士,30,14,16,4,6,6,7,2,3,1,0,1,0,0,0,0,0,0,0,03 桃園市,2 技職
112,1036,健行科技大學,D 日,B 四技,5429,3395,2034,758,484,720,457,886,574,756,415,0,0,0,0,0,0,275,104,03 桃園市,2 技職
112,1036,健行科技大學,N 修,B 四技,3061,1931,1130,462,246,423,249,419,306,477,272,0,0,0,0,0,0,150,57,03 桃園市,2 技職
112,1036,健行科技大學,D 日,C 二技,65,35,30,0,0,0,0,13,19,2,0,19,11,0,0,0,0,1,0,03 桃園市,2 技職
112,1036,健行科技大學,N 修,C 二技,464,254,210,0,0,0,0,161,116,89,90,0,0,0,0,0,0,4,4,03 桃園市,2 技職
112,1037,正修科技大學,D 日,D 博士,17,16,1,5,1,3,0,4,0,1,0,3,0,0,0,0,0,0,0,12 高雄市,2 技職
112,1037,正修科技大學,D 日,M 碩士,333,183,150,66,62,85,59,23,16,9,13,0,0,0,0,0,0,0,0,12 高雄市,2 技職
112,1037,正修科技大學,N 職,M 碩士,188,114,74,60,39,44,31,10,3,0,1,0,0,0,0,0,0,0,0,12 高雄市,2 技職
112,1037,正修科技大學,D 日,B 四技,7500,4849,2651,1190,708,1196,646,1184,597,1076,629,0,0,0,0,0,0,203,71,12 高雄市,2 技職
112,1037,正修科技大學,N 修,B 四技,3830,2513,1317,601,327,539,325,524,261,604,314,0,0,0,0,0,0,245,90,12 高雄市,2 技職
112,1037,正修科技大學,D 日,C 二技,69,43,26,0,0,0,0,18,23,0,0,25,3,0,0,0,0,0,0,12 高雄市,2 技職
112,1037,正修科技大學,N 修,C 二技,2519,1311,1208,0,0,0,0,695,563,595,623,0,0,0,0,0,0,21,22,12 高雄市,2 技職
112,1037,正修科技大學,N 修,2 二專,651,402,249,188,114,195,130,0,0,0,0,0,0,0,0,0,0,19,5,12 高雄市,2 技職
112,1037,正修科技大學,D 日,5 五專,380,277,103,58,24,64,29,58,25,47,14,47,10,0,0,0,0,3,1,12 高雄市,2 技職
112,1038,萬能科技大學,D 日,M 碩士,173,92,81,39,32,22,22,15,15,16,12,0,0,0,0,0,0,0,0,03 桃園市,2 技職
112,1038,萬能科技大學,N 職,M 碩士,158,70,88,28,55,34,30,8,3,0,0,0,0,0,0,0,0,0,0,03 桃園市,2 技職
112,1038,萬能科技大學,D 日,B 四技,4982,2776,2206,709,519,686,551,598,485,594,509,0,0,0,0,0,0,189,142,03 桃園市,2 技職
112,1038,萬能科技大學,N 修,B 四技,2106,1220,886,373,238,244,186,283,208,249,219,4,2,0,0,0,0,67,33,03 桃園市,2 技職
112,1038,萬能科技大學,N 修,C 二技,314,160,154,0,0,0,0,86,85,71,68,0,0,0,0,0,0,3,1,03 桃園市,2 技職
112,1038,萬能科技大學,N 修,2 二專,1,0,1,0,0,0,0,0,0,0,0,0,0,0,0,0,0,0,1,03 桃園市,2 技職
112,1039,玄奘大學,D 日,M 碩士,263,97,166,40,34,22,47,18,41,15,38,0,5,1,0,1,1,0,0,18 新竹市,1 一般
112,1039,玄奘大學,N 職,M 碩士,157,51,106,17,29,8,33,10,21,11,13,5,10,0,0,0,0,0,0,18 新竹市,1 一般
112,1039,玄奘大學,D 日,B 學士,1103,441,662,70,104,84,139,101,171,153,206,0,0,0,0,0,0,33,42,18 新竹市,1 一般
112,1039,玄奘大學,N 修,C 二技,28,8,20,0,0,0,0,4,10,4,10,0,0,0,0,0,0,0,0,18 新竹市,2 技職
112,1040,建國科技大學,D 日,M 碩士,98,51,47,15,24,20,19,10,3,6,1,0,0,0,0,0,0,0,0,07 彰化縣,2 技職
112,1040,建國科技大學,D 日,B 四技,2108,1444,664,339,183,319,136,306,135,331,152,0,0,0,0,0,0,149,58,07 彰化縣,2 技職
112,1040,建國科技大學,N 修,B 四技,1284,961,323,174,68,264,62,203,96,239,86,0,0,0,0,0,0,81,11,07 彰化縣,2 技職
112,1040,建國科技大學,N 修,C 二技,289,157,132,0,0,0,0,76,68,74,61,0,0,0,0,0,0,7,3,07 彰化縣,2 技職
112,1040,建國科技大學,D 日,2 二專,9,8,1,0,0,8,1,0,0,0,0,0,0,0,0,0,0,0,0,07 彰化縣,2 技職
112,1040,建國科技大學,N 修,2 二專,66,46,20,30,13,13,6,0,0,0,0,0,0,0,0,0,0,3,1,07 彰化縣,2 技職
112,1041,明志科技大學,D 日,D 博士,62,45,17,18,5,10,7,12,5,4,0,0,0,1,0,0,0,0,0,01 新北市,2 技職
112,1041,明志科技大學,D 日,M 碩士,535,402,133,187,67,147,34,52,21,16,11,0,0,0,0,0,0,0,0,01 新北市,2 技職
112,1041,明志科技大學,N 職,M 碩士,27,23,4,7,1,4,2,8,1,3,0,1,0,0,0,0,0,0,0,01 新北市,2 技職
112,1041,明志科技大學,D 日,B 四技,3594,2555,1039,673,287,600,238,587,264,598,232,0,0,0,0,0,0,97,18,01 新北市,2 技職
112,1041,明志科技大學,N 修,B 四技,109,103,6,17,2,19,1,23,1,18,1,0,0,0,0,0,0,26,1,01 新北市,2 技職
112,1042,高苑科技大學,D 日,M 碩士,42,25,17,0,0,13,6,11,8,1,3,0,0,0,0,0,0,0,0,12 高雄市,2 技職
112,1042,高苑科技大學,N 職,M 碩士,31,25,6,0,0,17,4,5,1,2,1,0,0,1,0,0,0,0,0,12 高雄市,2 技職
112,1042,高苑科技大學,D 日,B 四技,679,403,276,28,8,75,50,127,106,119,93,0,0,0,0,0,0,54,19,12 高雄市,2 技職
112,1042,高苑科技大學,N 修,B 四技,333,270,63,36,8,40,10,69,22,98,23,0,0,0,0,0,0,27,0,12 高雄市,2 技職
112,1042,高苑科技大學,N 修,C 二技,123,71,52,0,0,0,0,23,12,39,39,0,0,0,0,0,0,9,1,12 高雄市,2 技職
112,1042,高苑科技大學,N 修,2 二專,26,14,12,3,6,7,4,0,0,0,0,0,0,0,0,0,0,4,2,12 高雄市,2 技職
112,1042,高苑科技大學,D 日,5 五專,1,0,1,0,1,0,0,0,0,0,0,0,0,0,0,0,0,0,0,12 高雄市,2 技職
112,1043,大仁科技大學,D 日,M 碩士,80,34,46,15,22,17,13,1,10,1,1,0,0,0,0,0,0,0,0,13 屏東縣,2 技職
112,1043,大仁科技大學,N 職,M 碩士,145,75,70,34,41,31,22,5,5,2,0,2,1,1,1,0,0,0,0,13 屏東縣,2 技職
112,1043,大仁科技大學,D 日,B 四技,2318,1051,1267,206,276,218,250,237,260,230,285,82,122,0,0,0,0,78,74,13 屏東縣,2 技職
112,1043,大仁科技大學,N 修,B 四技,78,49,29,16,0,10,8,9,11,5,9,0,0,0,0,0,0,9,1,13 屏東縣,2 技職
112,1043,大仁科技大學,N 修,C 二技,1179,389,790,0,0,0,0,196,418,166,351,0,0,0,0,0,0,27,21,13 屏東縣,2 技職
112,1043,大仁科技大學,N 修,2 二專,63,29,34,6,20,14,11,0,0,0,0,0,0,0,0,0,0,9,3,13 屏東縣,2 技職
112,1044,聖約翰科技大學,D 日,M 碩士,37,29,8,0,0,15,4,7,2,7,2,0,0,0,0,0,0,0,0,01 新北市,2 技職
112,1044,聖約翰科技大學,N 職,M 碩士,57,43,14,18,8,15,4,5,0,4,2,1,0,0,0,0,0,0,0,01 新北市,2 技職
112,1044,聖約翰科技大學,D 日,B 四技,329,199,130,20,22,17,11,44,22,62,46,0,0,0,0,0,0,56,29,01 新北市,2 技職
112,1044,聖約翰科技大學,N 修,B 四技,59,55,4,0,0,14,0,22,3,12,1,0,0,0,0,0,0,7,0,01 新北市,2 技職
112,1044,聖約翰科技大學,N 修,C 二技,54,40,14,0,0,0,0,24,9,13,4,0,0,0,0,0,0,3,1,01 新北市,2 技職
112,1044,聖約翰科技大學,N 修,2 二專,25,17,8,7,3,10,5,0,0,0,0,0,0,0,0,0,0,0,0,01 新北市,2 技職
112,1044,聖約翰科技大學,D 日,5 五專,46,41,5,0,0,0,0,0,0,5,2,28,3,0,0,0,0,8,0,01 新北市,2 技職
112,1045,嶺東科技大學,D 日,M 碩士,239,108,131,50,65,38,42,15,17,5,7,0,0,0,0,0,0,0,0,19 臺中市,2 技職
112,1045,嶺東科技大學,N 職,M 碩士,168,91,77,52,43,29,30,10,4,0,0,0,0,0,0,0,0,0,0,19 臺中市,2 技職
112,1045,嶺東科技大學,D 日,B 四技,5950,2239,3711,539,840,504,883,580,932,515,966,0,0,0,0,0,0,101,90,19 臺中市,2 技職
112,1045,嶺東科技大學,N 修,B 四技,2229,1199,1030,275,245,244,213,276,254,301,258,0,0,0,0,0,0,103,60,19 臺中市,2 技職
112,1045,嶺東科技大學,D 日,C 二技,1,0,1,0,0,0,0,0,0,0,1,0,0,0,0,0,0,0,0,19 臺中市,2 技職
112,1045,嶺東科技大學,N 修,C 二技,94,8,86,0,0,0,0,4,46,4,40,0,0,0,0,0,0,0,0,19 臺中市,2 技職
112,1046,中國科技大學,D 日,M 碩士,163,95,68,44,33,33,17,11,11,7,7,0,0,0,0,0,0,0,0,30 臺北市,2 技職
112,1046,中國科技大學,N 職,M 碩士,55,38,17,22,10,14,7,1,0,1,0,0,0,0,0,0,0,0,0,30 臺北市,2 技職
112,1046,中國科技大學,D 日,B 四技,4457,2079,2378,396,453,468,568,561,619,487,593,0,0,0,0,0,0,167,145,30 臺北市,2 技職
112,1046,中國科技大學,N 修,B 四技,787,456,331,101,72,79,76,118,66,97,79,0,0,0,0,0,0,61,38,30 臺北市,2 技職
112,1046,中國科技大學,N 修,C 二技,551,307,244,0,0,0,0,154,111,142,127,0,0,0,0,0,0,11,6,30 臺北市,2 技職
112,1046,中國科技大學,N 修,2 二專,198,103,95,36,29,53,59,0,0,0,0,0,0,0,0,0,0,14,7,30 臺北市,2 技職
112,1047,中臺科技大學,D 日,D 博士,9,7,2,5,0,0,1,1,1,0,0,0,0,0,0,1,0,0,0,19 臺中市,2 技職
112,1047,中臺科技大學,D 日,M 碩士,128,33,95,17,40,12,33,4,16,0,5,0,1,0,0,0,0,0,0,19 臺中市,2 技職
112,1047,中臺科技大學,N 職,M 碩士,278,43,235,12,72,9,60,14,57,5,33,3,13,0,0,0,0,0,0,19 臺中市,2 技職
112,1047,中臺科技大學,D 日,B 四技,3256,1382,1874,317,404,242,421,352,463,346,460,0,0,0,0,0,0,125,126,19 臺中市,2 技職
112,1047,中臺科技大學,N 修,B 四技,1162,415,747,111,137,80,149,85,180,106,184,15,53,0,0,0,0,18,44,19 臺中市,2 技職
112,1047,中臺科技大學,D 日,C 二技,577,87,490,0,0,0,0,35,265,51,221,0,0,0,0,0,0,1,4,19 臺中市,2 技職
112,1047,中臺科技大學,N 修,C 二技,927,111,816,0,0,0,0,58,464,43,306,9,43,0,0,0,0,1,3,19 臺中市,2 技職
112,1047,中臺科技大學,D 日,2 二專,3,1,2,0,0,0,0,0,0,0,0,0,0,0,0,0,0,1,2,19 臺中市,2 技職
112,1048,亞洲大學,D 日,D 博士,224,134,90,27,23,29,18,21,18,22,12,17,7,12,7,6,5,0,0,06 臺中市,1 一般
112,1048,亞洲大學,D 日,M 碩士,695,263,432,108,176,75,136,44,71,36,49,0,0,0,0,0,0,0,0,06 臺中市,1 一般
112,1048,亞洲大學,N 職,M 碩士,427,197,230,120,129,48,71,22,23,7,7,0,0,0,0,0,0,0,0,06 臺中市,1 一般
112,1048,亞洲大學,D 日,B 學士,9069,3186,5883,803,1517,687,1335,771,1444,729,1409,0,0,0,0,0,0,196,178,06 臺中市,1 一般
112,1048,亞洲大學,P 進,B 學士,443,206,237,54,57,19,41,51,51,50,65,0,0,0,0,0,0,32,23,06 臺中市,1 一般
112,1049,開南大學,D 日,M 碩士,215,84,131,42,64,18,36,12,13,11,18,1,0,0,0,0,0,0,0,03 桃園市,1 一般
112,1049,開南大學,N 職,M 碩士,303,172,131,87,85,43,25,22,11,9,5,8,2,3,3,0,0,0,0,03 桃園市,1 一般
112,1049,開南大學,D 日,B 學士,2700,1365,1335,303,285,296,243,278,304,347,381,0,0,0,0,0,0,141,122,03 桃園市,1 一般
112,1049,開南大學,P 進,B 學士,976,543,433,128,119,119,99,129,99,123,98,0,0,0,0,0,0,44,18,03 桃園市,1 一般
112,1050,佛光大學,D 日,D 博士,71,24,47,7,6,3,6,0,7,4,9,3,6,3,10,4,3,0,0,02 宜蘭縣,1 一般
112,1050,佛光大學,D 日,M 碩士,450,187,263,67,111,52,59,37,43,29,45,0,1,1,2,1,2,0,0,02 宜蘭縣,1 一般
112,1050,佛光大學,N 職,M 碩士,106,41,65,20,49,11,7,7,5,2,1,0,2,1,1,0,0,0,0,02 宜蘭縣,1 一般
112,1050,佛光大學,D 日,B 學士,2137,1047,1090,201,203,235,243,258,291,268,304,0,0,0,0,0,0,85,49,02 宜蘭縣,1 一般
112,1051,台南應用科技大學,D 日,M 碩士,119,40,79,15,29,16,24,6,22,3,4,0,0,0,0,0,0,0,0,11 臺南市,2 技職
112,1051,台南應用科技大學,N 職,M 碩士,103,24,79,8,25,9,28,6,14,1,5,0,7,0,0,0,0,0,0,11 臺南市,2 技職
112,1051,台南應用科技大學,D 日,B 四技,6479,1879,4600,495,1126,369,1025,474,1166,455,1196,0,0,0,0,0,0,86,87,11 臺南市,2 技職
112,1051,台南應用科技大學,N 修,B 四技,1553,574,979,127,230,111,175,110,189,160,285,13,69,0,0,0,0,53,31,11 臺南市,2 技職
112,1051,台南應用科技大學,D 日,C 二技,420,93,327,0,0,0,0,43,145,40,152,0,0,0,0,0,0,10,30,11 臺南市,2 技職
112,1051,台南應用科技大學,N 修,C 二技,135,18,117,0,0,0,0,7,50,8,63,0,0,0,0,0,0,3,4,11 臺南市,2 技職
112,1051,台南應用科技大學,D 日,5 五專,851,200,651,35,127,39,134,42,135,42,131,42,124,0,0,0,0,0,0,11 臺南市,2 技職
112,1052,遠東科技大學,D 日,M 碩士,207,113,94,50,37,40,48,15,6,8,3,0,0,0,0,0,0,0,0,11 臺南市,2 技職
112,1052,遠東科技大學,N 職,M 碩士,29,27,2,7,1,7,0,5,1,5,0,3,0,0,0,0,0,0,0,11 臺南市,2 技職
112,1052,遠東科技大學,D 日,B 四技,1226,913,313,114,36,189,71,183,56,295,108,0,0,0,0,0,0,132,42,11 臺南市,2 技職
112,1052,遠東科技大學,N 修,B 四技,266,208,58,46,6,42,12,43,13,56,25,0,0,0,0,0,0,21,2,11 臺南市,2 技職
112,1052,遠東科技大學,N 修,C 二技,274,183,91,0,0,0,0,92,51,89,40,0,0,0,0,0,0,2,0,11 臺南市,2 技職
112,1052,遠東科技大學,N 修,2 二專,129,90,39,24,17,64,20,0,0,0,0,0,0,0,0,0,0,2,2,11 臺南市,2 技職
112,1053,元培醫事科技大學,D 日,D 博士,2,2,0,0,0,0,0,1,0,1,0,0,0,0,0,0,0,0,0,18 新竹市,2 技職
112,1053,元培醫事科技大學,D 日,M 碩士,219,78,141,30,56,25,52,14,16,9,17,0,0,0,0,0,0,0,0,18 新竹市,2 技職
112,1053,元培醫事科技大學,N 職,M 碩士,35,10,25,1,8,5,10,4,4,0,3,0,0,0,0,0,0,0,0,18 新竹市,2 技職
112,1053,元培醫事科技大學,D 日,B 四技,2483,1048,1435,213,250,188,284,256,414,262,413,0,0,0,0,0,0,129,74,18 新竹市,2 技職
112,1053,元培醫事科技大學,N 修,B 四技,847,413,434,66,64,64,83,84,115,143,143,0,0,0,0,0,0,56,29,18 新竹市,2 技職
112,1053,元培醫事科技大學,D 日,C 二技,100,6,94,0,0,0,0,4,47,2,47,0,0,0,0,0,0,0,0,18 新竹市,2 技職
112,1053,元培醫事科技大學,N 修,C 二技,319,60,259,0,0,0,0,26,122,26,128,0,0,0,0,0,0,8,9,18 新竹市,2 技職
112,1054,景文科技大學,D 日,M 碩士,3,3,0,0,0,0,0,0,0,3,0,0,0,0,0,0,0,0,0,01 新北市,2 技職
112,1054,景文科技大學,N 職,M 碩士,58,40,18,19,9,13,6,7,3,1,0,0,0,0,0,0,0,0,0,01 新北市,2 技職
112,1054,景文科技大學,D 日,B 四技,3603,1644,1959,349,419,396,469,347,426,406,499,0,0,0,0,0,0,146,146,01 新北市,2 技職
112,1054,景文科技大學,N 修,B 四技,569,288,281,99,103,84,70,45,50,41,47,0,0,0,0,0,0,19,11,01 新北市,2 技職
112,1054,景文科技大學,D 日,C 二技,11,5,6,0,0,0,0,0,1,3,2,0,0,0,0,0,0,2,3,01 新北市,2 技職
112,1054,景文科技大學,N 修,C 二技,266,133,133,0,0,0,0,64,68,55,57,0,0,0,0,0,0,14,8,01 新北市,2 技職
112,1054,景文科技大學,N 修,2 二專,89,55,34,37,19,12,14,0,0,0,0,0,0,0,0,0,0,6,1,01 新北市,2 技職
112,1055,中華醫事科技大學,D 日,M 碩士,99,50,49,17,21,27,20,6,5,0,3,0,0,0,0,0,0,0,0,11 臺南市,2 技職
112,1055,中華醫事科技大學,N 職,M 碩士,29,13,16,7,8,5,7,1,1,0,0,0,0,0,0,0,0,0,0,11 臺南市,2 技職
112,1055,中華醫事科技大學,D 日,B 四技,2067,736,1331,157,267,186,298,153,335,199,374,0,0,0,0,0,0,41,57,11 臺南市,2 技職
112,1055,中華醫事科技大學,N 修,B 四技,384,180,204,36,41,44,50,45,55,38,48,0,0,0,0,0,0,17,10,11 臺南市,2 技職
112,1055,中華醫事科技大學,D 日,C 二技,829,171,658,0,0,0,0,94,303,77,345,0,0,0,0,0,0,0,10,11 臺南市,2 技職
112,1055,中華醫事科技大學,N 修,C 二技,675,198,477,0,0,0,0,98,232,89,233,0,0,0,0,0,0,11,12,11 臺南市,2 技職
112,1055,中華醫事科技大學,N 修,2 二專,63,27,36,13,15,13,20,0,0,0,0,0,0,0,0,0,0,1,1,11 臺南市,2 技職
112,1055,中華醫事科技大學,D 日,5 五專,3200,685,2515,160,552,142,520,113,503,140,500,104,398,0,0,0,0,26,42,11 臺南市,2 技職
112,1056,東南科技大學,D 日,M 碩士,137,76,61,26,30,35,27,11,4,4,0,0,0,0,0,0,0,0,0,01 新北市,2 技職
112,1056,東南科技大學,N 職,M 碩士,67,54,13,28,7,23,5,2,1,1,0,0,0,0,0,0,0,0,0,01 新北市,2 技職
112,1056,東南科技大學,D 日,B 四技,2967,1862,1105,351,213,444,266,420,257,464,277,0,0,0,0,0,0,183,92,01 新北市,2 技職
112,1056,東南科技大學,N 修,B 四技,476,329,147,85,27,63,46,82,36,70,29,0,0,0,0,0,0,29,9,01 新北市,2 技職
112,1057,德明財經科技大學,D 日,M 碩士,40,16,24,7,11,3,8,5,2,1,3,0,0,0,0,0,0,0,0,30 臺北市,2 技職
112,1057,德明財經科技大學,N 職,M 碩士,26,12,14,2,7,7,5,2,1,0,1,1,0,0,0,0,0,0,0,30 臺北市,2 技職
112,1057,德明財經科技大學,D 日,B 四技,5028,2213,2815,418,615,438,520,511,680,522,697,0,0,0,0,0,0,324,303,30 臺北市,2 技職
112,1057,德明財經科技大學,N 修,B 四技,235,130,105,37,22,12,23,26,27,43,28,0,0,0,0,0,0,12,5,30 臺北市,2 技職
112,1057,德明財經科技大學,D 日,C 二技,53,16,37,0,0,0,0,5,12,9,25,0,0,0,0,0,0,2,0,30 臺北市,2 技職
112,1057,德明財經科技大學,N 修,C 二技,161,60,101,0,0,0,0,30,41,30,58,0,0,0,0,0,0,0,2,30 臺北市,2 技職
112,1058,明道大學,D 日,D 博士,29,16,13,0,0,2,3,4,0,2,4,4,1,2,4,2,1,0,0,07 彰化縣,1 一般
112,1058,明道大學,D 日,M 碩士,87,46,41,0,0,24,22,8,12,14,7,0,0,0,0,0,0,0,0,07 彰化縣,1 一般
112,1058,明道大學,N 職,M 碩士,25,6,19,0,0,4,16,2,3,0,0,0,0,0,0,0,0,0,0,07 彰化縣,1 一般
112,1058,明道大學,D 日,B 學士,330,162,168,2,1,18,6,29,44,91,105,0,0,0,0,0,0,22,12,07 彰化縣,1 一般
112,1058,明道大學,P 進,B 學士,225,162,63,8,0,42,20,43,24,63,17,0,0,0,0,0,0,6,2,07 彰化縣,1 一般
112,1060,南開科技大學,D 日,M 碩士,71,40,31,21,13,12,17,2,0,5,1,0,0,0,0,0,0,0,0,08 南投縣,2 技職
112,1060,南開科技大學,N 職,M 碩士,48,16,32,5,15,7,14,2,1,2,2,0,0,0,0,0,0,0,0,08 南投縣,2 技職
112,1060,南開科技大學,D 日,B 四技,1307,892,415,150,112,234,111,181,86,264,84,0,0,0,0,0,0,63,22,08 南投縣,2 技職
112,1060,南開科技大學,N 修,B 四技,582,441,141,82,39,98,27,118,29,127,40,0,0,0,0,0,0,16,6,08 南投縣,2 技職
112,1060,南開科技大學,N 修,C 二技,240,113,127,0,0,0,0,62,52,48,74,0,0,0,0,0,0,3,1,08 南投縣,2 技職
112,1060,南開科技大學,N 修,2 二專,52,25,27,14,11,6,14,0,0,0,0,0,0,0,0,0,0,5,2,08 南投縣,2 技職
112,1060,南開科技大學,D 日,5 五專,266,230,36,25,3,36,4,48,8,59,6,55,15,0,0,0,0,7,0,08 南投縣,2 技職
112,1061,中華科技大學,D 日,M 碩士,197,114,83,54,44,47,37,11,1,2,1,0,0,0,0,0,0,0,0,30 臺北市,2 技職
112,1061,中華科技大學,N 職,M 碩士,86,61,25,22,17,31,6,6,2,1,0,1,0,0,0,0,0,0,0,30 臺北市,2 技職
112,1061,中華科技大學,D 日,B 四技,1679,1173,506,157,109,222,93,308,125,377,140,0,0,0,0,0,0,109,39,30 臺北市,2 技職
112,1061,中華科技大學,N 修,B 四技,636,516,120,154,43,137,19,102,26,107,29,0,0,0,0,0,0,16,3,30 臺北市,2 技職
112,1061,中華科技大學,D 日,C 二技,30,7,23,0,0,0,0,7,23,0,0,0,0,0,0,0,0,0,0,30 臺北市,2 技職
112,1061,中華科技大學,N 修,C 二技,480,322,158,0,0,0,0,185,102,134,56,0,0,0,0,0,0,3,0,30 臺北市,2 技職
112,1061,中華科技大學,N 修,2 二專,97,55,42,26,24,27,18,0,0,0,0,0,0,0,0,0,0,2,0,30 臺北市,2 技職
112,1062,僑光科技大學,D 日,M 碩士,62,29,33,16,15,12,15,1,2,0,1,0,0,0,0,0,0,0,0,19 臺中市,2 技職
112,1062,僑光科技大學,N 職,M 碩士,58,24,34,19,25,4,8,1,1,0,0,0,0,0,0,0,0,0,0,19 臺中市,2 技職
112,1062,僑光科技大學,D 日,B 四技,4856,2282,2574,522,584,523,538,562,705,579,696,0,0,0,0,0,0,96,51,19 臺中市,2 技職
112,1062,僑光科技大學,N 修,B 四技,3338,2051,1287,550,358,415,231,449,303,477,322,0,0,0,0,0,0,160,73,19 臺中市,2 技職
112,1063,育達科技大學,D 日,M 碩士,123,53,70,15,26,24,34,7,6,7,4,0,0,0,0,0,0,0,0,05 苗栗縣,2 技職
112,1063,育達科技大學,N 職,M 碩士,186,115,71,44,27,43,27,7,10,21,7,0,0,0,0,0,0,0,0,05 苗栗縣,2 技職
112,1063,育達科技大學,D 日,B 四技,1106,530,576,125,187,91,119,110,103,114,117,0,0,0,0,0,0,90,50,05 苗栗縣,2 技職
112,1063,育達科技大學,N 修,B 四技,564,328,236,79,54,75,51,79,59,68,62,0,0,0,0,0,0,27,10,05 苗栗縣,2 技職
112,1063,育達科技大學,N 修,C 二技,1059,368,691,0,0,0,0,186,344,159,330,0,0,0,0,0,0,23,17,05 苗栗縣,2 技職
112,1064,美和科技大學,D 日,M 碩士,160,52,108,25,53,8,27,11,18,8,10,0,0,0,0,0,0,0,0,13 屏東縣,2 技職
112,1064,美和科技大學,N 職,M 碩士,154,40,114,21,32,9,34,7,36,3,12,0,0,0,0,0,0,0,0,13 屏東縣,2 技職
112,1064,美和科技大學,D 日,B 四技,1332,597,735,126,137,138,149,155,210,151,213,0,0,0,0,0,0,27,26,13 屏東縣,2 技職
112,1064,美和科技大學,N 修,B 四技,357,111,246,24,47,23,54,28,53,29,77,0,0,0,0,0,0,7,15,13 屏東縣,2 技職
112,1064,美和科技大學,D 日,C 二技,137,14,123,0,0,0,0,9,52,5,70,0,0,0,0,0,0,0,1,13 屏東縣,2 技職
112,1064,美和科技大學,N 修,C 二技,1049,231,818,0,0,0,0,118,416,108,388,0,0,0,0,0,0,5,14,13 屏東縣,2 技職
112,1064,美和科技大學,N 修,2 二專,94,54,40,32,22,21,17,0,0,0,0,0,0,0,0,0,0,1,1,13 屏東縣,2 技職
112,1064,美和科技大學,D 日,5 五專,1603,231,1372,58,273,53,289,44,244,25,251,41,259,0,0,0,0,10,56,13 屏東縣,2 技職
112,1065,吳鳳科技大學,D 日,M 碩士,35,24,11,5,7,17,2,2,1,0,1,0,0,0,0,0,0,0,0,10 嘉義縣,2 技職
112,1065,吳鳳科技大學,N 職,M 碩士,61,37,24,22,18,14,6,0,0,1,0,0,0,0,0,0,0,0,0,10 嘉義縣,2 技職
112,1065,吳鳳科技大學,D 日,B 四技,2223,1432,791,319,190,298,174,413,192,356,221,0,0,0,0,0,0,46,14,10 嘉義縣,2 技職
112,1065,吳鳳科技大學,N 修,B 四技,549,405,144,94,34,80,31,112,32,98,45,0,0,0,0,0,0,21,2,10 嘉義縣,2 技職
112,1065,吳鳳科技大學,N 修,C 二技,738,364,374,0,0,0,0,177,184,187,186,0,0,0,0,0,0,0,4,10 嘉義縣,2 技職
112,1065,吳鳳科技大學,N 修,2 二專,176,82,94,32,52,50,42,0,0,0,0,0,0,0,0,0,0,0,0,10 嘉義縣,2 技職
112,1066,環球科技大學,D 日,M 碩士,45,22,23,0,0,12,15,3,4,7,4,0,0,0,0,0,0,0,0,09 雲林縣,2 技職
112,1066,環球科技大學,N 職,M 碩士,28,10,18,0,0,4,4,4,6,1,6,1,2,0,0,0,0,0,0,09 雲林縣,2 技職
112,1066,環球科技大學,D 日,B 四技,664,354,310,0,0,76,54,99,58,123,149,0,0,0,0,0,0,56,49,09 雲林縣,2 技職
112,1066,環球科技大學,N 修,B 四技,127,63,64,0,0,13,18,15,8,26,34,0,0,0,0,0,0,9,4,09 雲林縣,2 技職
112,1066,環球科技大學,N 修,C 二技,116,38,78,0,0,0,0,0,0,30,75,0,0,0,0,0,0,8,3,09 雲林縣,2 技職
112,1066,環球科技大學,N 修,2 二專,38,24,14,0,0,17,13,0,0,0,0,0,0,0,0,0,0,7,1,09 雲林縣,2 技職
112,1069,修平科技大學,D 日,M 碩士,93,54,39,27,17,20,18,4,2,3,2,0,0,0,0,0,0,0,0,06 臺中市,2 技職
112,1069,修平科技大學,N 職,M 碩士,55,43,12,20,2,16,9,7,1,0,0,0,0,0,0,0,0,0,0,06 臺中市,2 技職
112,1069,修平科技大學,D 日,B 四技,2131,1480,651,323,195,304,174,331,104,431,155,0,0,0,0,0,0,91,23,06 臺中市,2 技職
112,1069,修平科技大學,N 修,B 四技,901,834,67,114,10,192,14,224,16,241,23,0,0,0,0,0,0,63,4,06 臺中市,2 技職
112,1069,修平科技大學,N 修,C 二技,650,431,219,0,0,0,0,205,126,217,91,0,0,0,0,0,0,9,2,06 臺中市,2 技職
112,1069,修平科技大學,N 修,2 二專,2,2,0,0,0,0,0,0,0,0,0,0,0,0,0,0,0,2,0,06 臺中市,2 技職
112,1070,長庚科技大學,D 日,M 碩士,80,10,70,7,25,2,32,1,12,0,1,0,0,0,0,0,0,0,0,03 桃園市,2 技職
112,1070,長庚科技大學,N 職,M 碩士,165,6,159,3,40,2,41,1,39,0,19,0,12,0,6,0,2,0,0,03 桃園市,2 技職
112,1070,長庚科技大學,D 日,B 四技,3295,481,2814,129,701,118,675,125,707,102,718,0,0,0,0,0,0,7,13,03 桃園市,2 技職
112,1070,長庚科技大學,D 日,C 二技,1439,118,1321,0,0,0,0,59,667,58,650,0,0,0,0,0,0,1,4,03 桃園市,2 技職
112,1070,長庚科技大學,N 修,C 二技,1134,74,1060,0,0,0,0,39,539,33,493,0,21,0,0,0,0,2,7,03 桃園市,2 技職
112,1071,臺北城市科技大學,D 日,M 碩士,97,64,33,22,16,21,7,14,7,7,3,0,0,0,0,0,0,0,0,30 臺北市,2 技職
112,1071,臺北城市科技大學,D 日,B 四技,6016,3686,2330,795,676,808,625,802,393,889,466,0,0,0,0,0,0,392,170,30 臺北市,2 技職
112,1071,臺北城市科技大學,N 修,B 四技,659,518,141,137,38,125,33,115,26,120,35,0,0,0,0,0,0,21,9,30 臺北市,2 技職
112,1071,臺北城市科技大學,N 修,C 二技,421,232,189,0,0,0,0,133,85,97,99,0,0,0,0,0,0,2,5,30 臺北市,2 技職
112,1071,臺北城市科技大學,D 日,2 二專,19,15,4,0,0,15,4,0,0,0,0,0,0,0,0,0,0,0,0,30 臺北市,2 技職
112,1071,臺北城市科技大學,N 修,2 二專,307,172,135,90,69,78,65,0,0,0,0,0,0,0,0,0,0,4,1,30 臺北市,2 技職
112,1071,臺北城市科技大學,D 日,5 五專,745,463,282,88,62,85,47,101,53,77,56,104,60,0,0,0,0,8,4,30 臺北市,2 技職
112,1072,敏實科技大學,D 日,B 四技,479,313,166,122,80,47,64,55,11,81,11,0,0,0,0,0,0,8,0,04 新竹縣,2 技職
112,1072,敏實科技大學,N 修,B 四技,122,75,47,42,9,9,14,5,12,15,10,0,0,0,0,0,0,4,2,04 新竹縣,2 技職
112,1072,敏實科技大學,D 日,5 五專,101,44,57,6,15,11,8,7,7,8,9,12,16,0,0,0,0,0,2,04 新竹縣,2 技職
112,1073,醒吾科技大學,D 日,M 碩士,49,16,33,8,9,6,9,2,15,0,0,0,0,0,0,0,0,0,0,01 新北市,2 技職
112,1073,醒吾科技大學,N 職,M 碩士,79,32,47,11,19,12,23,1,1,0,0,0,0,8,4,0,0,0,0,01 新北市,2 技職
112,1073,醒吾科技大學,D 日,B 四技,4954,2028,2926,428,797,446,639,505,728,539,649,0,0,0,0,0,0,110,113,01 新北市,2 技職
112,1073,醒吾科技大學,N 修,B 四技,499,246,253,78,71,48,58,55,71,51,42,0,0,0,0,0,0,14,11,01 新北市,2 技職
112,1073,醒吾科技大學,N 修,C 二技,328,139,189,0,0,0,0,71,105,66,81,0,0,0,0,0,0,2,3,01 新北市,2 技職
112,1073,醒吾科技大學,N 修,2 二專,53,25,28,8,7,14,21,0,0,0,0,0,0,0,0,0,0,3,0,01 新北市,2 技職
112,1073,醒吾科技大學,D 日,5 五專,138,55,83,0,0,7,17,16,22,19,23,13,17,0,0,0,0,0,4,01 新北市,2 技職
112,1075,文藻外語大學,D 日,M 碩士,224,65,159,20,41,17,43,16,35,11,39,0,0,1,1,0,0,0,0,50 高雄市,2 技職
112,1075,文藻外語大學,N 職,M 碩士,57,17,40,4,10,6,7,2,10,3,5,1,1,1,7,0,0,0,0,50 高雄市,2 技職
112,1075,文藻外語大學,D 日,B 四技,3922,1189,2733,254,570,264,559,263,667,293,695,0,0,0,0,0,0,115,242,50 高雄市,2 技職
112,1075,文藻外語大學,N 修,B 四技,863,331,532,60,81,34,73,63,111,105,143,0,0,0,0,0,0,69,124,50 高雄市,2 技職
112,1075,文藻外語大學,D 日,C 二技,162,29,133,0,0,0,0,16,47,7,49,0,0,0,0,0,0,6,37,50 高雄市,2 技職
112,1075,文藻外語大學,N 修,C 二技,115,26,89,0,0,0,0,14,34,9,37,0,0,0,0,0,0,3,18,50 高雄市,2 技職
112,1075,文藻外語大學,D 日,5 五專,1919,337,1582,93,371,63,352,68,312,51,267,53,258,0,0,0,0,9,22,50 高雄市,2 技職
112,1076,華夏科技大學,D 日,M 碩士,17,14,3,0,0,5,2,8,0,1,1,0,0,0,0,0,0,0,0,01 新北市,2 技職
112,1076,華夏科技大學,N 職,M 碩士,29,21,8,0,0,13,2,7,3,1,3,0,0,0,0,0,0,0,0,01 新北市,2 技職
112,1076,華夏科技大學,D 日,B 四技,598,400,198,0,0,74,29,127,57,150,73,0,0,0,0,0,0,49,39,01 新北市,2 技職
112,1076,華夏科技大學,N 修,B 四技,423,276,147,0,0,58,43,69,44,131,41,0,0,0,0,0,0,18,19,01 新北市,2 技職
112,1076,華夏科技大學,D 日,C 二技,28,25,3,0,0,0,0,0,0,21,3,0,0,0,0,0,0,4,0,01 新北市,2 技職
112,1076,華夏科技大學,N 修,C 二技,197,116,81,0,0,0,0,1,0,102,77,0,0,0,0,0,0,13,4,01 新北市,2 技職
112,1076,華夏科技大學,N 修,2 二專,9,0,9,0,0,0,8,0,0,0,0,0,0,0,0,0,0,0,1,01 新北市,2 技職
112,1076,華夏科技大學,D 日,5 五專,349,280,69,1,0,50,12,70,20,89,22,62,15,0,0,0,0,8,0,01 新北市,2 技職
112,1077,慈濟科技大學,D 日,M 碩士,85,20,65,9,23,8,15,2,14,1,12,0,1,0,0,0,0,0,0,15 花蓮縣,2 技職
112,1077,慈濟科技大學,D 日,B 四技,1016,400,616,95,126,75,134,105,176,96,168,0,0,0,0,0,0,29,12,15 花蓮縣,2 技職
112,1077,慈濟科技大學,D 日,C 二技,261,30,231,0,0,0,0,9,114,21,117,0,0,0,0,0,0,0,0,15 花蓮縣,2 技職
112,1077,慈濟科技大學,N 修,C 二技,167,15,152,0,0,0,0,6,96,8,47,0,0,0,0,0,0,1,9,15 花蓮縣,2 技職
112,1077,慈濟科技大學,D 日,2 二專,16,1,15,0,0,1,15,0,0,0,0,0,0,0,0,0,0,0,0,15 花蓮縣,2 技職
112,1077,慈濟科技大學,D 日,5 五專,1291,177,1114,29,236,30,202,26,204,40,235,39,202,0,0,0,0,13,35,15 花蓮縣,2 技職
112,1078,致理科技大學,D 日,M 碩士,54,15,39,8,21,4,15,2,0,1,3,0,0,0,0,0,0,0,0,01 新北市,2 技職
112,1078,致理科技大學,N 職,M 碩士,54,16,38,7,13,6,13,2,7,1,2,0,3,0,0,0,0,0,0,01 新北市,2 技職
112,1078,致理科技大學,D 日,B 四技,6244,2127,4117,502,1005,526,937,483,1033,487,986,0,0,0,0,0,0,129,156,01 新北市,2 技職
112,1078,致理科技大學,N 修,B 四技,2579,1150,1429,274,247,221,263,252,368,255,409,0,0,0,0,0,0,148,142,01 新北市,2 技職
112,1078,致理科技大學,D 日,C 二技,216,48,168,0,0,0,0,25,81,20,83,0,0,0,0,0,0,3,4,01 新北市,2 技職
112,1078,致理科技大學,N 修,C 二技,246,80,166,0,0,0,0,51,90,29,75,0,0,0,0,0,0,0,1,01 新北市,2 技職
112,1078,致理科技大學,D 日,5 五專,1558,367,1191,94,235,82,242,67,239,69,243,52,210,0,0,0,0,3,22,01 新北市,2 技職
112,1079,康寧大學,N 職,M 碩士,5,2,3,0,0,0,0,0,0,0,2,1,1,1,0,0,0,0,0,30 臺北市,1 一般
112,1079,康寧大學,D 日,B 學士,156,36,120,8,16,5,24,11,33,8,40,0,0,0,0,0,0,4,7,30 臺北市,1 一般
112,1079,康寧大學,N 修,C 二技,195,22,173,0,0,0,0,13,90,9,83,0,0,0,0,0,0,0,0,30 臺北市,2 技職
112,1079,康寧大學,N 修,2 二專,211,53,158,17,76,19,61,0,0,0,0,0,0,0,0,0,0,17,21,30 臺北市,2 技職
112,1079,康寧大學,D 日,5 五專,2676,628,2048,136,459,136,434,115,380,119,379,107,318,0,0,0,0,15,78,30 臺北市,2 技職
112,1080,宏國德霖科技大學,D 日,M 碩士,39,21,18,10,9,7,7,4,2,0,0,0,0,0,0,0,0,0,0,01 新北市,2 技職
112,1080,宏國德霖科技大學,D 日,B 四技,1371,824,547,150,113,165,124,182,126,221,141,0,0,0,0,0,0,106,43,01 新北市,2 技職
112,1080,宏國德霖科技大學,N 修,B 四技,731,454,277,124,61,81,70,100,60,111,67,0,0,0,0,0,0,38,19,01 新北市,2 技職
112,1080,宏國德霖科技大學,D 日,C 二技,38,14,24,0,0,0,0,8,7,4,16,0,0,0,0,0,0,2,1,01 新北市,2 技職
112,1080,宏國德霖科技大學,N 修,C 二技,741,460,281,0,0,0,0,230,152,210,125,0,0,0,0,0,0,20,4,01 新北市,2 技職
112,1080,宏國德霖科技大學,D 日,5 五專,1070,634,436,138,89,117,105,140,80,116,81,107,70,0,0,0,0,16,11,01 新北市,2 技職
112,1081,東方設計大學,D 日,D 博士,20,11,9,0,0,2,3,4,1,2,2,0,2,1,1,2,0,0,0,12 高雄市,2 技職
112,1081,東方設計大學,D 日,M 碩士,27,12,15,0,0,6,7,4,3,2,5,0,0,0,0,0,0,0,0,12 高雄市,2 技職
112,1081,東方設計大學,N 職,M 碩士,6,3,3,0,0,3,3,0,0,0,0,0,0,0,0,0,0,0,0,12 高雄市,2 技職
112,1081,東方設計大學,D 日,B 四技,102,53,49,0,0,1,2,2,3,21,22,0,0,0,0,0,0,29,22,12 高雄市,2 技職
112,1081,東方設計大學,N 修,B 四技,12,7,5,0,0,0,0,0,0,6,5,0,0,0,0,0,0,1,0,12 高雄市,2 技職
112,1081,東方設計大學,D 日,C 二技,4,2,2,0,0,0,0,0,0,0,2,0,0,0,0,0,0,2,0,12 高雄市,2 技職
112,1081,東方設計大學,N 修,C 二技,42,23,19,0,0,0,0,0,0,17,17,0,0,0,0,0,0,6,2,12 高雄市,2 技職
112,1081,東方設計大學,N 修,2 二專,11,10,1,0,0,2,1,0,0,0,0,0,0,0,0,0,0,8,0,12 高雄市,2 技職
112,1081,東方設計大學,D 日,5 五專,121,58,63,0,0,5,6,9,7,9,18,29,29,0,0,0,0,6,3,12 高雄市,2 技職
112,1082,崇右影藝科技大學,D 日,M 碩士,33,16,17,8,5,4,9,2,1,2,2,0,0,0,0,0,0,0,0,17 基隆市,2 技職
112,1082,崇右影藝科技大學,D 日,B 四技,1112,502,610,139,167,55,71,129,154,131,170,0,0,0,0,0,0,48,48,17 基隆市,2 技職
112,1083,台北海洋科技大學,D 日,M 碩士,126,72,54,25,27,38,24,7,2,2,1,0,0,0,0,0,0,0,0,01 新北市,2 技職
112,1083,台北海洋科技大學,D 日,B 四技,1972,1141,831,330,238,275,204,266,180,177,165,0,0,0,0,0,0,93,44,01 新北市,2 技職
112,1083,台北海洋科技大學,N 修,B 四技,221,93,128,37,32,16,41,20,20,14,33,0,0,0,0,0,0,6,2,01 新北市,2 技職
112,1083,台北海洋科技大學,D 日,C 二技,155,103,52,0,0,0,0,38,32,54,18,0,0,0,0,0,0,11,2,01 新北市,2 技職
112,1083,台北海洋科技大學,N 修,C 二技,583,248,335,0,0,0,0,110,172,134,159,0,0,0,0,0,0,4,4,01 新北市,2 技職
112,1083,台北海洋科技大學,D 日,2 二專,10,10,0,0,0,9,0,0,0,0,0,0,0,0,0,0,0,1,0,01 新北市,2 技職
112,1083,台北海洋科技大學,N 修,2 二專,150,138,12,69,5,65,6,0,0,0,0,0,0,0,0,0,0,4,1,01 新北市,2 技職
112,1083,台北海洋科技大學,D 日,5 五專,558,346,212,67,43,86,34,69,55,54,29,63,45,0,0,0,0,7,6,01 新北市,2 技職
112,1084,亞東科技大學,D 日,M 碩士,58,45,13,18,4,16,6,6,1,5,1,0,1,0,0,0,0,0,0,01 新北市,2 技職
112,1084,亞東科技大學,D 日,B 四技,3473,2460,1013,679,332,529,199,546,220,608,238,0,0,0,0,0,0,98,24,01 新北市,2 技職
112,1084,亞東科技大學,D 日,C 二技,177,14,163,0,0,0,0,7,83,7,80,0,0,0,0,0,0,0,0,01 新北市,2 技職
112,1084,亞東科技大學,N 修,C 二技,148,11,137,0,0,0,0,7,43,4,42,0,51,0,0,0,0,0,1,01 新北市,2 技職
112,1125,中信金融管理學院,D 日,M 碩士,114,50,64,23,41,21,17,6,6,0,0,0,0,0,0,0,0,0,0,21 臺南市,1 一般
112,1125,中信金融管理學院,N 職,M 碩士,44,24,20,14,16,9,4,1,0,0,0,0,0,0,0,0,0,0,0,21 臺南市,1 一般
112,1125,中信金融管理學院,D 日,B 學士,799,446,353,123,109,87,88,124,74,102,80,0,0,0,0,0,0,10,2,21 臺南市,1 一般
112,1148,大漢技術學院,D 日,M 碩士,73,44,29,19,7,17,10,8,12,0,0,0,0,0,0,0,0,0,0,15 花蓮縣,2 技職
112,1148,大漢技術學院,D 日,B 四技,97,57,40,11,7,9,5,13,9,19,15,0,0,0,0,0,0,5,4,15 花蓮縣,2 技職
112,1148,大漢技術學院,N 修,B 四技,216,135,81,17,15,31,21,30,22,47,19,0,0,0,0,0,0,10,4,15 花蓮縣,2 技職
112,1148,大漢技術學院,N 修,C 二技,164,88,76,0,0,0,0,47,42,40,32,0,0,0,0,0,0,1,2,15 花蓮縣,2 技職
112,1148,大漢技術學院,N 修,2 二專,51,19,32,9,10,8,20,0,0,0,0,0,0,0,0,0,0,2,2,15 花蓮縣,2 技職
112,1168,南亞技術學院,D 日,M 碩士,1,1,0,0,0,0,0,0,0,1,0,0,0,0,0,0,0,0,0,03 桃園市,2 技職
112,1168,南亞技術學院,D 日,B 四技,853,592,261,148,53,136,41,100,57,173,94,0,0,0,0,0,0,35,16,03 桃園市,2 技職
112,1168,南亞技術學院,N 修,B 四技,223,101,122,20,43,17,23,18,24,26,28,0,0,0,0,0,0,20,4,03 桃園市,2 技職
112,1168,南亞技術學院,N 修,C 二技,845,216,629,0,0,0,0,99,331,111,286,0,0,0,0,0,0,6,12,03 桃園市,2 技職
112,1168,南亞技術學院,D 日,5 五專,77,46,31,0,0,0,0,18,9,9,11,17,9,0,0,0,0,2,2,03 桃園市,2 技職
112,1183,黎明技術學院,D 日,M 碩士,14,5,9,5,9,0,0,0,0,0,0,0,0,0,0,0,0,0,0,01 新北市,2 技職
112,1183,黎明技術學院,D 日,B 四技,3099,1570,1529,395,409,363,343,328,349,346,338,0,0,0,0,0,0,138,90,01 新北市,2 技職
112,1183,黎明技術學院,N 修,B 四技,1262,857,405,311,144,176,91,186,71,151,81,0,0,0,0,0,0,33,18,01 新北市,2 技職
112,1183,黎明技術學院,N 修,C 二技,57,17,40,0,0,0,0,13,25,4,15,0,0,0,0,0,0,0,0,01 新北市,2 技職
112,1183,黎明技術學院,D 日,5 五專,310,251,59,60,11,63,14,53,13,38,12,29,8,0,0,0,0,8,1,01 新北市,2 技職
112,1185,德育護理健康學院,D 日,M 碩士,45,6,39,3,15,2,11,1,10,0,3,0,0,0,0,0,0,0,0,17 基隆市,2 技職
112,1185,德育護理健康學院,N 職,M 碩士,54,14,40,9,21,5,13,0,3,0,3,0,0,0,0,0,0,0,0,17 基隆市,2 技職
112,1185,德育護理健康學院,D 日,B 四技,1356,534,822,149,263,129,200,82,144,85,153,0,0,0,0,0,0,89,62,17 基隆市,2 技職
112,1185,德育護理健康學院,D 日,C 二技,136,16,120,0,0,0,0,10,76,6,43,0,0,0,0,0,0,0,1,17 基隆市,2 技職
112,1185,德育護理健康學院,N 修,C 二技,738,99,639,0,0,0,0,49,342,44,281,0,0,0,0,0,0,6,16,17 基隆市,2 技職
112,1185,德育護理健康學院,N 修,2 二專,164,28,136,16,67,8,63,0,0,0,0,0,0,0,0,0,0,4,6,17 基隆市,2 技職
112,1185,德育護理健康學院,D 日,5 五專,961,238,723,60,181,45,146,46,149,35,119,40,98,0,0,0,0,12,30,17 基隆市,2 技職
112,1188,大同技術學院,D 日,B 四技,71,30,41,0,0,0,0,12,19,17,18,0,0,0,0,0,0,1,4,20 嘉義市,2 技職
112,1188,大同技術學院,N 修,B 四技,56,13,43,0,0,0,0,4,25,7,17,0,0,0,0,0,0,2,1,20 嘉義市,2 技職
112,1188,大同技術學院,N 修,C 二技,3,0,3,0,0,0,0,0,0,0,0,0,0,0,0,0,0,0,3,20 嘉義市,2 技職
112,1188,大同技術學院,N 修,2 二專,1,1,0,0,0,0,0,0,0,0,0,0,0,0,0,0,0,1,0,20 嘉義市,2 技職
112,1188,大同技術學院,D 日,5 五專,14,6,8,0,0,0,0,0,3,2,3,3,2,0,0,0,0,1,0,20 嘉義市,2 技職
112,1195,馬偕醫學院,D 日,D 博士,12,10,2,1,1,1,1,3,0,3,0,2,0,0,0,0,0,0,0,01 新北市,1 一般
112,1195,馬偕醫學院,D 日,M 碩士,61,18,43,7,19,8,16,1,8,2,0,0,0,0,0,0,0,0,0,01 新北市,1 一般
112,1195,馬偕醫學院,N 職,M 碩士,33,7,26,3,9,3,13,0,3,1,1,0,0,0,0,0,0,0,0,01 新北市,1 一般
112,1195,馬偕醫學院,D 日,B 學士,749,282,467,67,122,41,104,54,109,59,89,28,19,27,17,0,0,6,7,01 新北市,1 一般
112,1195,馬偕醫學院,N 修,C 二技,48,3,45,0,0,0,0,3,30,0,15,0,0,0,0,0,0,0,0,01 新北市,2 技職
112,1196,法鼓文理學院,D 日,D 博士,26,12,14,4,3,1,2,1,1,3,3,1,1,2,1,0,3,0,0,01 新北市,1 一般
112,1196,法鼓文理學院,D 日,M 碩士,247,59,188,13,37,19,47,10,57,17,47,0,0,0,0,0,0,0,0,01 新北市,1 一般
112,1196,法鼓文理學院,N 職,M 碩士,20,4,16,4,16,0,0,0,0,0,0,0,0,0,0,0,0,0,0,01 新北市,1 一般
112,1196,法鼓文理學院,D 日,B 學士,51,25,26,6,9,8,9,4,5,7,2,0,0,0,0,0,0,0,1,01 新北市,1 一般
112,1196,法鼓文理學院,P 進,B 學士,19,3,16,3,16,0,0,0,0,0,0,0,0,0,0,0,0,0,0,01 新北市,1 一般
112,1282,馬偕醫護管理專科學校,N 修,2 二專,148,70,78,21,15,30,41,19,22,0,0,0,0,0,0,0,0,0,0,30 臺北市,2 技職
112,1282,馬偕醫護管理專科學校,D 日,5 五專,3932,558,3374,141,725,120,694,123,672,82,582,67,582,0,0,0,0,25,119,30 臺北市,2 技職
112,1283,仁德醫護管理專科學校,N 修,2 二專,377,185,192,110,106,68,84,0,0,0,0,0,0,0,0,0,0,7,2,05 苗栗縣,2 技職
112,1283,仁德醫護管理專科學校,D 日,5 五專,5465,1228,4237,239,840,237,801,228,808,257,807,165,736,0,0,0,0,102,245,05 苗栗縣,2 技職
112,1284,樹人醫護管理專科學校,N 修,2 二專,528,258,270,110,105,89,106,28,41,24,16,0,0,0,0,0,0,7,2,12 高雄市,2 技職
112,1284,樹人醫護管理專科學校,D 日,5 五專,6713,1349,5364,302,1199,258,1118,300,1011,216,995,208,886,0,0,0,0,65,155,12 高雄市,2 技職
112,1285,慈惠醫護管理專科學校,D 日,2 二專,60,8,52,0,21,8,23,0,0,0,0,0,0,0,0,0,0,0,8,13 屏東縣,2 技職
112,1285,慈惠醫護管理專科學校,N 修,2 二專,157,70,87,25,30,16,34,14,8,6,9,0,0,0,0,0,0,9,6,13 屏東縣,2 技職
112,1285,慈惠醫護管理專科學校,D 日,5 五專,1938,411,1527,52,188,73,222,83,293,78,330,85,365,0,0,0,0,40,129,13 屏東縣,2 技職
112,1286,耕莘健康管理專科學校,N 修,2 二專,104,5,99,3,62,2,35,0,0,0,0,0,0,0,0,0,0,0,2,01 新北市,2 技職
112,1286,耕莘健康管理專科學校,D 日,5 五專,3940,404,3536,97,704,70,695,76,664,72,638,51,618,0,0,0,0,38,217,01 新北市,2 技職
112,1287,敏惠醫護管理專科學校,N 修,2 二專,87,24,63,9,36,8,24,0,0,0,0,0,0,0,0,0,0,7,3,11 臺南市,2 技職
112,1287,敏惠醫護管理專科學校,D 日,5 五專,3486,481,3005,93,545,91,561,100,625,93,611,74,563,0,0,0,0,30,100,11 臺南市,2 技職
112,1289,育英醫護管理專科學校,D 日,5 五專,1833,200,1633,39,343,34,328,31,299,37,310,46,276,0,0,0,0,13,77,50 高雄市,2 技職
112,1291,聖母醫護管理專科學校,D 日,2 二專,2,2,0,0,0,0,0,0,0,0,0,0,0,0,0,0,0,2,0,02 宜蘭縣,2 技職
112,1291,聖母醫護管理專科學校,N 修,2 二專,52,33,19,22,11,11,6,0,0,0,0,0,0,0,0,0,0,0,2,02 宜蘭縣,2 技職
112,1291,聖母醫護管理專科學校,D 日,5 五專,1466,226,1240,43,223,26,209,40,246,42,238,47,260,0,0,0,0,28,64,02 宜蘭縣,2 技職
112,1292,新生醫護管理專科學校,N 修,2 二專,79,12,67,7,37,5,29,0,0,0,0,0,0,0,0,0,0,0,1,03 桃園市,2 技職
112,1292,新生醫護管理專科學校,D 日,5 五專,5978,762,5216,201,1107,157,1060,126,1061,145,990,109,897,0,0,0,0,24,101,03 桃園市,2 技職
112,1293,崇仁醫護管理專科學校,D 日,5 五專,3017,460,2557,112,515,83,496,96,484,83,488,67,529,0,0,0,0,19,45,10 嘉義縣,2 技職
112,3002,臺北市立大學,D 日,D 博士,208,94,114,17,11,14,17,15,17,15,21,11,14,6,9,16,25,0,0,30 臺北市,1 一般
112,3002,臺北市立大學,D 日,M 碩士,1330,413,917,137,265,103,233,85,199,46,121,27,55,15,43,0,1,0,0,30 臺北市,1 一般
112,3002,臺北市立大學,N 職,M 碩士,1248,341,907,114,274,102,253,52,156,32,85,24,89,17,50,0,0,0,0,30 臺北市,1 一般
112,3002,臺北市立大學,D 日,B 學士,5275,2287,2988,535,759,547,662,518,715,515,698,0,0,0,0,0,0,172,154,30 臺北市,1 一般
